Book Id,Title,Author,Author l-f,Additional Authors,ISBN,ISBN13,My Rating,Average Rating,Publisher,Binding,Number of Pages,Year Published,Original Publication Year,Date Read,Date Added,Bookshelves,Bookshelves with positions,Exclusive Shelf,My Review,Spoiler,Private Notes,Read Count,Owned Copies
13519648,"Smiley's People (The Karla Trilogy, #3)",John le Carré,"Carré, John le",,"=""1101535296""","=""9781101535295""",5,4.29,Penguin,Kindle Edition,398,2011,1979,2025/10/14,2025/10/14,,,read,,,,1,0
12287209,"Wool (Wool, #1)",Hugh Howey,"Howey, Hugh",,"=""""","=""""",5,4.14,Broad Reach,Kindle Edition,56,2011,2011,2019/07/06,2019/06/21,,,read,,,,1,0
22471926,The Absorbent Mind,Maria Montessori,"Montessori, Maria",,"=""1627554947""","=""9781627554947""",0,4.17,Sublime Books,Kindle Edition,245,2014,1949,,2025/08/19,currently-reading,currently-reading (#126),currently-reading,,,,1,0
18715700,"Call for the Dead (George Smiley, #1)",John le Carré,"Carré, John le",,"=""1101603755""","=""9781101603758""",0,3.85,Penguin Books,Kindle Edition,171,2012,1961,,2025/08/02,currently-reading,currently-reading (#125),currently-reading,,,,1,0
8240331,"Miss Suki Is Kooky! (My Weird School, #17)",Dan Gutman,"Gutman, Dan",Jim Paillot,"=""""","=""""",0,4.12,,Kindle Edition,116,,2007,,2025/07/25,currently-reading,currently-reading (#124),currently-reading,,,,1,0
18875078,Big Nate Makes a Splash,Lincoln Peirce,"Peirce, Lincoln",,"=""1449448402""","=""""",0,4.30,Andrews McMeel Publishing,Kindle Edition,55,2013,2003,2025/07/25,2023/09/07,,,read,,,,1,0
214490340,House of Huawei: The Secret History of China's Most Powerful Company,Eva Dou,"Dou, Eva",,"=""0593544641""","=""9780593544648""",0,3.89,Portfolio,Kindle Edition,448,2025,2025,,2025/06/19,currently-reading,currently-reading (#123),currently-reading,,,,1,0
59355690,Cat Kid Comic Club: On Purpose,Dav Pilkey,"Pilkey, Dav",,"=""1338801961""","=""9781338801965""",0,4.50,Graphix,Kindle Edition,224,2022,2022,2025/06/18,2025/05/30,,,read,,,,1,0
57485183,Cat Kid Comic Club: Perspectives (Cat Kid Comic Club #2),Dav Pilkey,"Pilkey, Dav",,"=""1338784870""","=""9781338784879""",0,4.46,Graphix,Kindle Edition,224,2021,2021,2025/06/18,2025/05/29,,,read,,,,1,0
196037552,"The Scarlet Shedder (Dog Man, #12)",Dav Pilkey,"Pilkey, Dav",,"=""133889644X""","=""9781338896442""",0,4.55,Graphix,Kindle Edition,224,2024,2024,2025/06/15,2025/05/29,,,read,,,,1,0
8175441,"Mrs. Cooney Is Loony! (My Weird School, #7)",Dan Gutman,"Gutman, Dan",Jim Paillot,"=""""","=""""",0,4.21,,Kindle Edition,116,,2005,2025/06/04,2025/06/04,,,read,,,,1,0
123495843,"Influencers (Cat Kid Comic Club, #5)",Dav Pilkey,"Pilkey, Dav",,"=""1338896407""","=""9781338896404""",0,4.57,Graphix,Kindle Edition,224,2023,2023,2025/06/04,2025/05/30,,,read,,,,1,0
60671886,Collaborations (Cat Kid Comic Club #4),Dav Pilkey,"Pilkey, Dav",,"=""1338846647""","=""9781338846645""",0,4.53,Graphix,Kindle Edition,224,2022,2022,2025/06/03,2025/06/03,,,read,,,,1,0
40009945,"Dog Man: Brawl of the Wild (Dog Man, #6)",Dav Pilkey,"Pilkey, Dav",,"=""133823658X""","=""9781338236583""",0,4.50,Graphix,Kindle Edition,224,2019,2018,,2025/05/30,currently-reading,currently-reading (#122),currently-reading,,,,1,0
214044225,"Dog Man: Big Jim Begins (Dog Man, #13)",Dav Pilkey,"Pilkey, Dav",,"=""1338896474""","=""9781338896473""",0,4.49,Graphix,Kindle Edition,,2024,,2025/05/29,2025/05/29,,,read,,,,1,0
61942094,Dog Man: Twenty Thousand Fleas Under the Sea: A Graphic Novel (Dog Man #11,Dav Pilkey,"Pilkey, Dav",,"=""1338801937""","=""9781338801934""",0,4.47,Graphix,Kindle Edition,240,2023,2023,,2025/05/29,currently-reading,currently-reading (#121),currently-reading,,,,1,0
41754735,New Kid: A Graphic Novel,Jerry Craft,"Craft, Jerry",,"=""""","=""""",0,4.14,Quill Tree Books,Kindle Edition,256,2019,2019,2025/05/28,2023/03/16,,,read,,,,1,0
37836507,"Dog Man: Lord of the Fleas (Dog Man, #5)",Dav Pilkey,"Pilkey, Dav",,"=""0545935393""","=""9780545935395""",0,4.49,Graphix,Kindle Edition,256,2018,2018,,2025/05/24,currently-reading,currently-reading (#120),currently-reading,,,,1,0
58310825,New From Here,Kelly Yang,"Yang, Kelly",,"=""1534488324""","=""9781534488328""",0,4.29,Simon & Schuster Books for Young Readers,Kindle Edition,365,2022,2022,,2025/05/17,currently-reading,currently-reading (#119),currently-reading,,,,1,0
18898102,Big Nate Strikes Again,Lincoln Peirce,"Peirce, Lincoln",,"=""0062107631""","=""9780062107633""",0,4.29,HarperCollins,Kindle Edition,224,2011,2010,,2025/05/04,currently-reading,currently-reading (#118),currently-reading,,,,1,0
61315785,Big Nate: Release the Hounds!,Lincoln Peirce,"Peirce, Lincoln",,"=""1524881937""","=""9781524881931""",0,4.64,Andrews McMeel Publishing,Kindle Edition,176,2022,,,2025/05/02,currently-reading,currently-reading (#117),currently-reading,,,,1,0
59020508,The Shadow Sister (The Seven Sisters #3),Lucinda Riley,"Riley, Lucinda",,"=""""","=""""",0,4.31,Atria Books,Kindle Edition,699,2017,2016,2025/04/29,2025/03/22,,,read,,,,1,0
177058593,Finally Heard,Kelly Yang,"Yang, Kelly",,"=""1665947950""","=""9781665947954""",0,4.27,Simon & Schuster Books for Young Readers,Kindle Edition,349,2024,2024,,2025/04/23,currently-reading,currently-reading (#116),currently-reading,,,,1,0
61957367,Finally Seen,Kelly Yang,"Yang, Kelly",,"=""1534488359""","=""9781534488359""",0,4.43,Simon & Schuster Books for Young Readers,Kindle Edition,301,2023,2023,2025/04/23,2025/04/09,,,read,,,,1,0
24362097,Big Nate: Say Good-bye to Dork City (Volume 12),Lincoln Peirce,"Peirce, Lincoln",,"=""1449469787""","=""9781449469788""",0,4.50,Andrews McMeel Publishing,Kindle Edition,224,2015,2015,2025/03/24,2023/10/10,,,read,,,,1,0
18828511,Big Nate: Dibs on This Chair,Lincoln Peirce,"Peirce, Lincoln",,"=""1449448399""","=""""",0,4.54,Andrews McMeel Publishing,Kindle Edition,86,2013,2001,2025/03/23,2024/05/31,,,read,,,,1,0
205774097,Exodus: The Archimedes Engine,Peter F. Hamilton,"Hamilton, Peter F.",,"=""0593357671""","=""9780593357675""",0,4.27,Random House Worlds,Kindle Edition,912,2024,2024,,2025/02/26,currently-reading,currently-reading (#115),currently-reading,,,,1,0
165932618,Wuthering Heights,Emily Brontë,"Brontë, Emily",,"=""1916700063""","=""9781916700062""",0,3.90,Tech Tok Ltd,Kindle Edition,106,2023,1847,,2025/01/24,currently-reading,currently-reading (#114),currently-reading,,,,1,0
8694005,The Name of the Rose,Umberto Eco,"Eco, Umberto",,"=""""","=""""",0,4.14,Houghton Mifflin Harcourt,Kindle Edition,552,2010,1980,,2025/01/24,currently-reading,currently-reading (#113),currently-reading,,,,1,0
40611999,"Career of Evil (Cormoran Strike, #3)",Robert Galbraith,"Galbraith, Robert",,"=""0316349925""","=""9780316349925""",0,4.22,Mulholland Books,Kindle Edition,609,2018,2015,2025/01/23,2024/12/23,,,read,,,,1,0
36446438,The Secrets Between Us,Thrity Umrigar,"Umrigar, Thrity",,"=""0062442236""","=""9780062442239""",0,4.50,Harper,Kindle Edition,368,2018,2018,,2025/01/23,currently-reading,currently-reading (#112),currently-reading,,,,1,0
204316449,The Empusium: A Health Resort Horror Story,Olga Tokarczuk,"Tokarczuk, Olga",Antonia Lloyd-Jones,"=""059371296X""","=""9780593712962""",4,3.75,Riverhead Books,Kindle Edition,320,2024,2022,2025/01/23,2025/01/23,,,read,,,,1,0
33313,Kitchen Confidential: Adventures in the Culinary Underbelly,Anthony Bourdain,"Bourdain, Anthony",,"=""0060899220""","=""9780060899226""",0,4.19,Ecco/Harper Perennial,Paperback,312,2007,2000,,2025/01/13,,,read,,,,1,0
137893498,The MANIAC,Benjamín Labatut,"Labatut, Benjamín",,"=""059365448X""","=""9780593654484""",5,4.33,Penguin Press,Kindle Edition,368,2023,2023,2025/01/13,2025/01/05,,,read,,,,1,0
62069739,When We Cease to Understand the World,Benjamín Labatut,"Labatut, Benjamín",Adrian Nathan West,"=""""","=""""",5,4.10,New York Review Books,Kindle Edition,193,2022,2020,2025/01/13,2025/01/08,,,read,,,,1,0
62060532,Yellowface,R.F. Kuang,"Kuang, R.F.",,"=""""","=""""",0,3.72,William Morrow,Kindle Edition,329,2023,2023,2024/12/23,2024/12/07,,,read,,,,1,0
125277346,Elon Musk,Walter Isaacson,"Isaacson, Walter",,"=""""","=""""",0,4.32,Simon & Schuster,ebook,670,2023,2023,,2024/12/15,currently-reading,currently-reading (#111),currently-reading,,,,1,0
59020495,The Seven Sisters (Seven Sisters #1),Lucinda Riley,"Riley, Lucinda",,"=""""","=""""",0,4.20,Atria Books,Kindle Edition,481,2015,2014,2024/12/07,2024/10/30,,,read,,,,1,0
32055806,Forty Autumns: A Family's Story of Courage and Survival on Both Sides of the Berlin Wall,Nina Willner,"Willner, Nina",,"=""""","=""""",0,4.37,William Morrow,Kindle Edition,416,2016,2016,2024/10/26,2024/08/07,,,read,,,,1,0
17331335,"Deck the Halls, We're Off the Walls! (My Weird School Special, #2)",Dan Gutman,"Gutman, Dan",Jim Paillot,"=""0062206842""","=""9780062206848""",0,4.18,HarperCollins,Kindle Edition,0,2013,2013,,2022/06/12,currently-reading,currently-reading (#78),currently-reading,,,,1,0
34111931,"Attack on Titan, Vol. 9",Hajime Isayama,"Isayama, Hajime",,"=""1612626823""","=""9781612626826""",4,4.49,Kodansha Comics,Kindle Edition,188,2013,2012,,2014/02/10,,,read,,,,1,0
58015548,Out of My Heart (The Out of My Mind Series),Sharon M. Draper,"Draper, Sharon M.",,"=""1665902183""","=""9781665902182""",0,4.22,Atheneum/Caitlyn Dlouhy Books,Kindle Edition,348,2021,2021,,2024/08/14,currently-reading,currently-reading (#110),currently-reading,,,,1,0
122565929,"Shōgun (The Asian Saga, #1)",James Clavell,"Clavell, James",,"=""198253754X""","=""9781982537548""",5,4.41,Blackstone Publishing,Kindle Edition,1140,2023,1975,2024/07/31,2024/01/12,,,read,,,,1,0
61354655,Mirror to Mirror,Rajani LaRocca,"LaRocca, Rajani",,"=""0063047489""","=""9780063047488""",0,4.11,Quill Tree Books,Kindle Edition,347,2023,2023,,2024/04/09,currently-reading,currently-reading (#103),currently-reading,,,,1,0
50351108,The House of the Spirits,Isabel Allende,"Allende, Isabel",,"=""""","=""""",0,4.30,Washington Square Press ,Kindle Edition,504,2015,1982,,2024/07/24,currently-reading,currently-reading (#109),currently-reading,,,,1,0
55005403,Fifty Words for Rain,Asha Lemmie,"Lemmie, Asha",,"=""1524746371""","=""9781524746377""",0,3.87,Dutton,Kindle Edition,463,2020,2020,2024/07/24,2024/07/13,,,read,,,,1,0
59121436,"The Silkworm (Cormoran Strike, #2)",Robert Galbraith,"Galbraith, Robert",,"=""""","=""""",5,4.05,Mulholland Books,Kindle Edition,465,2014,2014,2024/06/24,2024/03/17,,,read,,,,1,0
25613602,"Claudia and Mean Janine (Baby-Sitters Club Graphic Novels, #4)",Raina Telgemeier,"Telgemeier, Raina",Ann M. Martin,"=""0545890683""","=""9780545890687""",0,4.35,Graphix,Kindle Edition,176,2016,2008,,2022/09/25,currently-reading,currently-reading (#82),currently-reading,,,,1,0
40028981,The Miscalculations of Lightning Girl,Stacy McAnulty,"McAnulty, Stacy",,"=""152476759X""","=""9781524767594""",0,4.27,Random House Books for Young Readers,Kindle Edition,305,2018,2018,,2024/06/11,currently-reading,currently-reading (#108),currently-reading,,,,1,0
52189092,"A Good Girl's Guide to Murder (A Good Girl's Guide to Murder, #1)",Holly  Jackson,"Jackson, Holly",,"=""""","=""""",0,4.28,Delacorte Press,ebook,400,2020,2019,,2024/05/03,currently-reading,currently-reading (#107),currently-reading,,,,1,0
25787147,Big Nate Blasts Off,Lincoln Peirce,"Peirce, Lincoln",,"=""0062111132""","=""9780062111135""",0,4.63,HarperCollins,Kindle Edition,224,2016,2016,,2024/05/01,currently-reading,currently-reading (#106),currently-reading,,,,1,0
25717787,The Complete Big Nate: #12 (AMP! Comics for Kids),Lincoln Peirce,"Peirce, Lincoln",,"=""1449467741""","=""9781449467746""",0,4.62,Andrews McMeel Publishing,Kindle Edition,369,2015,2015,,2024/04/13,currently-reading,currently-reading (#105),currently-reading,,,,1,0
18917408,Big Nate: In the Zone,Lincoln Peirce,"Peirce, Lincoln",,"=""0062107607""","=""9780062107602""",0,4.55,HarperCollins,Kindle Edition,224,2014,2014,,2024/04/12,currently-reading,currently-reading (#104),currently-reading,,,,1,0
8140633,Mrs. Dole Is Out of Control! (My Weird School Daze #1),Dan Gutman,"Gutman, Dan",Jim Paillot,"=""""","=""""",5,4.15,HarperCollins,Kindle Edition,114,2009,2008,2023/04/07,2023/04/07,,,read,,,,1,0
24487482,Big Magic: Creative Living Beyond Fear,Elizabeth Gilbert,"Gilbert, Elizabeth",,"=""0698408314""","=""9780698408319""",0,3.96,Penguin Publishing Group,Kindle Edition,240,2015,2015,2024/03/22,2024/03/20,,,read,,,,1,0
6640556,Kidnapped [with Biographical Introduction],Robert Louis Stevenson,"Stevenson, Robert Louis",,"=""1596252154""","=""9781596252158""",0,3.79,,Kindle Edition,126,,1886,,2024/03/12,currently-reading,currently-reading (#102),currently-reading,,,,1,0
10573526,Pale Fire,Vladimir Nabokov,"Nabokov, Vladimir",,"=""""","=""""",0,4.17,Vintage,Kindle Edition,321,2011,1962,,2024/01/29,currently-reading,currently-reading (#101),currently-reading,,,,1,0
57826915,"Good-bye Stacey, Good-bye (Baby-Sitters Club Graphic Novels, #11)",Gabriela  Epstein,"Epstein, Gabriela",Ann M. Martin,"=""""","=""""",0,4.30,Graphix,Kindle Edition,176,2022,2022,2022/10/30,2022/10/29,,,read,,,,1,0
19009190,My Teacher Is an Alien,Bruce Coville,"Coville, Bruce",Mike Wimmer,"=""1439112282""","=""9781439112281""",0,3.81,Aladdin,Kindle Edition,160,2013,1989,,2023/12/10,currently-reading,currently-reading (#100),currently-reading,,,,1,0
25993112,"The Secret of The Old Clock (Nancy Drew Mystery, #1)",Carolyn Keene,"Keene, Carolyn",,"=""""","=""""",0,3.98,Grosset & Dunlap,Kindle Edition,192,2010,1930,,2023/11/27,currently-reading,currently-reading (#99),currently-reading,,,,1,0
58064915,11/22/63,Stephen  King,"King, Stephen",,"=""""","=""""",0,4.35,Scribner,ebook,1121,2011,2011,,2023/11/24,currently-reading,currently-reading (#98),currently-reading,,,,1,0
61854923,"The Wager: A Tale of Shipwreck, Mutiny and Murder",David Grann,"Grann, David",,"=""""","=""""",4,4.17,Vintage,Kindle Edition,327,2023,2023,2023/11/10,2023/11/10,,,read,,,,1,0
34594414,Three Wishes,Liane Moriarty,"Moriarty, Liane",,"=""""","=""""",0,3.78,HarperCollins e-books,ebook,388,2009,2003,2023/10/17,2023/09/11,,,read,,,,1,0
58978077,"Red Queen (Antonia Scott, #1)",Juan Gómez-Jurado,"Gómez-Jurado, Juan",,"=""""","=""""",4,4.08,Minotaur Books,ebook,352,2023,2018,2023/10/16,2023/10/16,,,read,,,,1,0
6336986,Judas Unchained (Commonwealth Saga #2),Peter F. Hamilton,"Hamilton, Peter F.",,"=""""","=""""",5,4.30,,Kindle Edition,848,,2005,2023/09/27,2023/09/27,currently-reading,currently-reading (#97),currently-reading,,,,2,0
40097951,The Silent Patient,Alex Michaelides,"Michaelides, Alex",,"=""1250301696""","=""9781250301697""",3,4.17,Celadon Books,Hardcover,336,2019,2019,,2023/09/28,,,read,,,,1,0
58061810,The Paper Palace,Miranda Cowley Heller,"Heller, Miranda Cowley",,"=""0593329848""","=""9780593329849""",4,3.78,Riverhead Books,Kindle Edition,400,2021,2021,2023/09/11,2023/09/11,,,read,,,,1,0
64658340,Big Nate: Nailed It!,Lincoln Peirce,"Peirce, Lincoln",,"=""152488619X""","=""9781524886196""",0,4.58,Andrews McMeel Publishing,Kindle Edition,176,2023,,,2023/09/07,currently-reading,currently-reading (#96),currently-reading,,,,1,0
60119503,Big Nate: Beware of Low-Flying Corn Muffins,Lincoln Peirce,"Peirce, Lincoln",,"=""1524877514""","=""9781524877514""",0,4.59,Andrews McMeel Publishing,Kindle Edition,176,2022,,,2023/09/06,currently-reading,currently-reading (#95),currently-reading,,,,1,0
22699128,"The Dragonet Prophecy (Wings of Fire, #1)",Tui T. Sutherland,"Sutherland, Tui T.",,"=""0545443172""","=""9780545443173""",0,4.23,Scholastic Inc.,Kindle Edition,286,2012,2012,,2023/08/30,currently-reading,currently-reading (#94),currently-reading,,,,1,0
30292800,"Ms. Joni Is a Phony! (My Weirdest School, #7)",Dan Gutman,"Gutman, Dan",,"=""0062429329""","=""9780062429322""",0,4.42,HarperCollins,Kindle Edition,112,2017,,2023/07/30,2023/07/26,,,read,,,,1,0
19066373,Rebekah - Girl Detective #1-8,P.J. Ryan,"Ryan, P.J.",,"=""""","=""""",0,4.29,Magic Umbrella Publishing,Kindle Edition,252,2013,2013,,2023/07/25,currently-reading,currently-reading (#93),currently-reading,,,,1,0
53510905,Forget Me Nat: A Graphic Novel (Nat Enough #2),Maria Scrivan,"Scrivan, Maria",,"=""1338538268""","=""9781338538267""",0,4.02,Graphix,Kindle Edition,240,2020,2020,2023/06/20,2023/06/15,,,read,,,,1,0
10351114,Mr. Tony Is Full of Baloney! (My Weird School Daze #11),Dan Gutman,"Gutman, Dan",Jim Paillot,"=""""","=""""",0,4.27,HarperCollins ,Kindle Edition,117,2010,2010,2023/06/15,2023/06/10,,,read,,,,1,0
57552740,Kristy and the Snobs,Chan Chau,"Chau, Chan",Ann M. Martin,"=""1338304623""","=""9781338304626""",0,4.28,Graphix,Kindle Edition,160,2021,2021,2023/06/10,2023/06/01,,,read,,,,1,0
49534036,Anxious People,Fredrik Backman,"Backman, Fredrik",Neil   Smith,"=""1501160850""","=""9781501160851""",0,4.16,Atria Books,Kindle Edition,346,2020,2019,2023/06/02,2023/06/02,,,read,,,,1,0
60393265,"It Starts with Us (It Ends with Us, #2)",Colleen Hoover,"Hoover, Colleen",,"=""1668001233""","=""9781668001233""",0,3.84,Atria Books,Kindle Edition,332,2022,2022,2023/06/02,2023/05/20,,,read,,,,1,0
18895798,My Weird Writing Tips (My Weird School),Dan Gutman,"Gutman, Dan",Jim Paillot,"=""""","=""""",0,4.19,HarperCollins,Kindle Edition,162,2013,2013,,2023/05/30,currently-reading,currently-reading (#92),currently-reading,,,,1,0
20022936,Mrs. Jafee Is Daffy! (My Weird School Daze #6),Dan Gutman,"Gutman, Dan",Jim Paillot,"=""""","=""""",0,4.23,HarperCollins,Kindle Edition,132,2009,2009,,2023/05/08,currently-reading,currently-reading (#91),currently-reading,,,,1,0
45714795,Nat Enough: A Graphic Novel (Nat Enough #1),Maria Scrivan,"Scrivan, Maria",,"=""1338538225""","=""9781338538229""",0,4.08,Graphix,Kindle Edition,242,2020,2020,2023/05/07,2023/05/06,,,read,,,,1,0
53597371,Claudia and the New Girl (The Baby-sitters Club Graphic Novel #9) (The Baby-Sitters Club Graphix),Gabriela  Epstein,"Epstein, Gabriela",Ann M. Martin,"=""1338304593""","=""9781338304596""",0,4.18,Graphix,Kindle Edition,177,2021,2021,2023/04/06,2022/10/15,,,read,,,,1,0
61200338,Mary Anne's Bad Luck Mystery,Cynthia Yuan Cheng,"Cheng, Cynthia Yuan",Ann M. Martin,"=""1338616129""","=""9781338616125""",0,4.13,Graphix,Kindle Edition,176,2022,2022,2023/04/07,2023/04/06,,,read,,,,1,0
55517271,My Weirder-est School #8: Miss Aker Is a Maker!,Dan Gutman,"Gutman, Dan",Jim Paillot,"=""0062910787""","=""9780062910783""",0,4.40,HarperCollins,Kindle Edition,112,2021,,2023/01/12,2023/01/10,,,read,,,,1,0
53356001,"Class Act (New Kid, #2)",Jerry Craft,"Craft, Jerry",,"=""0062885529""","=""9780062885524""",0,4.26,Quill Tree Books,Kindle Edition,256,2020,2020,,2023/03/20,currently-reading,currently-reading (#90),currently-reading,,,,1,0
38213103,"The Fifth Season (The Broken Earth, #1)",N.K. Jemisin,"Jemisin, N.K.",,"=""""","=""""",0,4.28,Hachette Book Group,Kindle Edition,465,2015,2015,,2023/03/19,currently-reading,currently-reading (#89),currently-reading,,,,1,0
53313009,Blood Meridian: Or the Evening Redness in the West,Cormac McCarthy,"McCarthy, Cormac",,"=""""","=""""",5,4.15,Vintage,Kindle Edition,370,2010,1985,2023/03/17,2023/03/17,,,read,,,,1,0
25903764,Ghosts,Raina Telgemeier,"Telgemeier, Raina",,"=""0545540674""","=""9780545540674""",0,4.21,Graphix,Kindle Edition,256,2016,2016,,2023/03/16,currently-reading,currently-reading (#88),currently-reading,,,,1,0
21800926,Drama,Raina Telgemeier,"Telgemeier, Raina",,"=""0545779960""","=""9780545779968""",0,4.18,Graphix,Kindle Edition,240,2014,2012,,2023/03/16,currently-reading,currently-reading (#87),currently-reading,,,,1,0
22094445,"Framed! (Framed, #1)",James Ponti,"Ponti, James",,"=""1481436325""","=""9781481436328""",0,4.38,Aladdin,Kindle Edition,304,2016,2016,,2023/02/18,currently-reading,currently-reading (#86),currently-reading,,,,1,0
37921713,"Kristy's Big Day: A Graphic Novel (The Baby-Sitters Club Graphic Novels, #6)",Gale Galligan,"Galligan, Gale",Ann M. Martin,"=""1338068156""","=""9781338068153""",0,4.41,Graphix,Kindle Edition,160,2018,2018,2023/01/16,2023/01/09,,,read,,,,1,0
8238762,Mr. Sunny Is Funny! (My Weird School Daze #2),Dan Gutman,"Gutman, Dan",Jim Paillot,"=""""","=""""",0,4.24,HarperCollins,Kindle Edition,119,2009,2008,2023/01/10,2023/01/10,,,read,,,,1,0
60390589,"Friends, Lovers, and the Big Terrible Thing",Matthew  Perry,"Perry, Matthew",,"=""""","=""""",4,3.94,Flatiron Books,Kindle Edition,272,2022,2022,2022/11/10,2022/11/10,,,read,,,,1,0
60842622,"The Labyrinth of Doom (Once Upon a Tim, #2)",Stuart Gibbs,"Gibbs, Stuart",Stacy Curtis,"=""""","=""""",0,4.12,Simon & Schuster Books for Young Readers,Kindle Edition,157,2022,2022,,2022/11/07,currently-reading,currently-reading (#85),currently-reading,,,,1,0
41144063,"Sal and Gabi Break the Universe (Sal and Gabi, #1)",Carlos  Hernandez,"Hernandez, Carlos",,"=""""","=""""",0,4.17,Rick Riordan Presents Digital,Kindle Edition,379,2019,2019,,2022/11/03,currently-reading,currently-reading (#84),currently-reading,,,,1,0
58710956,Once Upon a Tim,Stuart Gibbs,"Gibbs, Stuart",Stacy Curtis,"=""""","=""""",0,3.97,Simon & Schuster Books for Young Readers,Kindle Edition,155,2022,2022,2022/11/01,2022/11/01,,,read,,,,1,0
43306925,"Boy-Crazy Stacey (Baby-Sitters Club Graphic Novels, #7)",Gale Galligan,"Galligan, Gale",Ann M. Martin,"=""1338304534""","=""9781338304534""",0,4.32,Graphix,Kindle Edition,176,2019,2019,2022/10/30,2022/10/30,,,read,,,,1,0
34617050,"Dawn and the Impossible Three (Baby-Sitters Club Graphic Novels, #5)",Gale Galligan,"Galligan, Gale",Ann M. Martin,"=""1338067354""","=""9781338067354""",0,4.37,Graphix,Kindle Edition,160,2017,2017,2022/10/29,2022/09/25,,,read,,,,1,0
49184831,"Logan Likes Mary Anne!: A Graphic Novel (The Baby-Sitters Club Graphic Novels, #8)",Gale Galligan,"Galligan, Gale",Ann M. Martin,"=""""","=""""",1,4.36,Graphix,Kindle Edition,176,2020,2020,2022/10/16,2022/10/15,,,read,,,,1,0
17798758,"Logan Likes Mary Anne! (The Baby-Sitters Club, #10)",Ann M. Martin,"Martin, Ann M.",,"=""0545532566""","=""9780545532563""",0,3.82,Scholastic Inc.,Kindle Edition,110,2012,1988,,2022/10/11,currently-reading,currently-reading (#83),currently-reading,,,,1,0
35281659,The Forever War,Joe Haldeman,"Haldeman, Joe",,"=""""","=""""",5,4.14,Open Road Media,ebook,292,2014,1974,2022/09/14,2022/09/14,,,read,,,,1,0
59043412,This Tender Land,William Kent Krueger,"Krueger, William Kent",,"=""""","=""""",4,4.39,Atria Books,Kindle Edition,461,2019,2019,2022/09/02,2022/09/02,,,read,,,,1,0
8602233,"Ms. LaGrange Is Strange! (My Weird School, #8)",Dan Gutman,"Gutman, Dan",Jim Paillot,"=""""","=""""",0,4.18,,Kindle Edition,112,,2005,2022/08/30,2022/08/23,,,read,,,,1,0
49085750,Charlie and the Chocolate Factory,Roald Dahl,"Dahl, Roald",,"=""""","=""""",0,4.17,Puffin Books,ebook,162,2007,1964,2022/08/30,2022/08/23,,,read,,,,1,0
23349274,"Mrs. Yonkers Is Bonkers! (My Weird School, #18)",Dan Gutman,"Gutman, Dan",Jim Paillot,"=""""","=""""",0,4.24,HarperCollins,Kindle Edition,74,2009,2007,,2022/08/10,currently-reading,currently-reading (#81),currently-reading,,,,1,0
40223919,"Dragon Pearl (Thousand Worlds, #1)",Yoon Ha Lee,"Lee, Yoon Ha",,"=""1368015190""","=""9781368015196""",0,3.82,Rick Riordan Presents,Kindle Edition,312,2019,2019,,2022/07/27,currently-reading,currently-reading (#80),currently-reading,,,,1,0
58482595,The Cursed Carnival and Other Calamities: New Stories about Mythic Heroes,Rick Riordan,"Riordan, Rick",,"=""1368073212""","=""9781368073219""",0,3.84,Rick Riordan Presents,Kindle Edition,394,2021,2021,,2022/07/26,currently-reading,currently-reading (#79),currently-reading,,,,1,0
18921982,"It's Halloween, I'm Turning Green! (My Weird School Special)",Dan Gutman,"Gutman, Dan",Jim Paillot,"=""""","=""""",0,4.14,HarperCollins,Kindle Edition,115,2013,2013,2022/06/25,2022/06/23,,,read,,,,1,0
21807730,"Mrs. Lane Is a Pain! (My Weirder School, #12)",Dan Gutman,"Gutman, Dan",Jim Paillot,"=""""","=""""",0,4.26,HarperCollins,Kindle Edition,77,2014,2014,2022/07/24,2022/07/17,,,read,,,,1,0
23320788,Ms. Cuddy Is Nutty! (My Weirdest School #2),Dan Gutman,"Gutman, Dan",Jim Paillot,"=""""","=""""",0,4.39,HarperCollins,Kindle Edition,112,2015,2015,2022/07/17,2022/07/05,,,read,,,,1,0
45009204,Matilda,Roald Dahl,"Dahl, Roald",Quentin Blake,"=""""","=""""",0,4.34,Puffin Books,Kindle Edition,240,2007,1988,2022/06/29,2022/06/26,,,read,,,,1,0
18857249,The Journey to Atlantis (Thea Stilton: Special Edition #1),Thea Stilton,"Stilton, Thea",,"=""""","=""""",0,4.34,Scholastic Inc.,Kindle Edition,333,2012,2009,2022/06/25,2022/06/23,,,read,,,,1,0
20104365,"Back to School, Weird Kids Rule! (My Weird School Special, #5)",Dan Gutman,"Gutman, Dan",Jim Paillot,"=""""","=""""",0,4.29,HarperCollins,Kindle Edition,112,2014,2014,2022/05/02,2022/03/12,,,read,,,,1,0
22008997,"Oh, Valentine, We've Lost Our Minds! (My Weird School Special)",Dan Gutman,"Gutman, Dan",Jim Paillot,"=""""","=""""",0,4.33,HarperCollins,Kindle Edition,106,2014,2014,2022/06/25,2022/06/02,,,read,,,,1,0
27797144,Miss Daisy Is Still Crazy! (My Weirdest School #5),Dan Gutman,"Gutman, Dan",Jim Paillot,"=""0062284347""","=""9780062284341""",0,4.41,HarperCollins,Kindle Edition,112,2016,,2022/06/25,2022/06/25,,,read,,,,1,0
35151061,"Miss Newman Isn't Human! (My Weirdest School, #10)",Dan Gutman,"Gutman, Dan",Dan Gutman,"=""0062429418""","=""9780062429414""",0,4.33,HarperCollins,Kindle Edition,109,2018,,,2022/06/11,currently-reading,currently-reading (#77),currently-reading,,,,1,0
20153463,"Bunny Double, We're in Trouble! (My Weird School Special)",Dan Gutman,"Gutman, Dan",,"=""""","=""""",0,4.34,HarperCollins,Kindle Edition,144,2014,2014,,2022/06/09,currently-reading,currently-reading (#76),currently-reading,,,,1,0
8116165,"Mr. Louie Is Screwy! (My Weird School, #20)",Dan Gutman,"Gutman, Dan",Jim Paillot,"=""""","=""""",0,4.19,,Kindle Edition,112,,2007,,2022/06/02,currently-reading,currently-reading (#75),currently-reading,,,,1,0
8238763,Mr. Granite Is from Another Planet! (My Weird School Daze #3),Dan Gutman,"Gutman, Dan",Jim Paillot,"=""""","=""""",0,4.25,,Kindle Edition,116,,2008,2022/06/02,2022/05/29,,,read,,,,1,0
44291309,Ivy and Bean Make the Rules,Annie Barrows,"Barrows, Annie",Sophie  Blackall,"=""1452120153""","=""9781452120157""",0,4.31,Chronicle Books LLC,Kindle Edition,145,2012,2012,,2022/04/21,currently-reading,currently-reading (#74),currently-reading,,,,1,0
57008745,"Ivy and Bean Get to Work! (Book 12) (Ivy & Bean, 12)",Annie Barrows,"Barrows, Annie",,"=""1797210033""","=""9781797210032""",0,4.35,Chronicle Books LLC,Kindle Edition,111,2021,2021,,2022/04/21,currently-reading,currently-reading (#73),currently-reading,,,,1,0
23014026,Out There: A Story of Ultra Recovery,David            Clark,"Clark, David",,"=""""","=""""",4,3.99,,Kindle Edition,240,2014,2014,2022/04/15,2022/04/15,,,read,,,,1,0
13012254,Ivy and Bean: No News Is Good News,Annie Barrows,"Barrows, Annie",,"=""1452110417""","=""9781452110417""",0,4.24,Chronicle Books,Kindle Edition,101,2011,2011,,2022/04/13,currently-reading,currently-reading (#72),currently-reading,,,,1,0
9839615,Ivy and Bean: What's the Big Idea?,Annie Barrows,"Barrows, Annie",Sophie  Blackall,"=""0811879763""","=""9780811879767""",0,4.21,Chronicle Books,Kindle Edition,133,2010,2010,2022/04/12,2022/04/06,,,read,,,,1,0
20553573,Ivy and Bean Doomed to Dance,Annie Barrows,"Barrows, Annie",Sophie  Blackall,"=""081187656X""","=""9780811876568""",0,4.17,Chronicle Books,Kindle Edition,141,2010,2009,2022/04/06,2022/04/05,,,read,,,,1,0
30287048,Warm Hearts Day: A Branches Book (Owl Diaries #5),Rebecca Elliott,"Elliott, Rebecca",,"=""1338042823""","=""9781338042825""",0,4.37,Scholastic Inc.,Kindle Edition,89,2016,2016,,2022/03/12,currently-reading,currently-reading (#71),currently-reading,,,,1,0
24330930,Eva's Treetop Festival (Owl Diaries #1),Rebecca Elliott,"Elliott, Rebecca",,"=""0545683785""","=""9780545683784""",0,4.19,Scholastic Inc.,Kindle Edition,85,2015,2015,2022/03/12,2022/03/12,,,read,,,,1,0
26101564,A Woodland Wedding: A Branches Book (Owl Diaries #3),Rebecca Elliott,"Elliott, Rebecca",,"=""0545835860""","=""9780545835862""",0,4.32,Scholastic Inc.,Kindle Edition,89,2016,2016,,2022/03/11,currently-reading,currently-reading (#70),currently-reading,,,,1,0
19962789,The Moor's Last Sigh,Salman Rushdie,"Rushdie, Salman",,"=""""","=""""",0,3.94,Vintage International,Kindle Edition,450,2011,1995,,2022/01/31,currently-reading,currently-reading (#69),currently-reading,,,,1,0
292408,Angle of Repose,Wallace Stegner,"Stegner, Wallace",,"=""014016930X""","=""9780140169300""",5,4.24,Penguin,Paperback,569,1992,1971,,2021/11/25,to-read,to-read (#12),to-read,,,,0,0
55881796,Crossroads,Jonathan Franzen,"Franzen, Jonathan",,"=""0374181179""","=""9780374181178""",5,4.06,"Farrar, Straus and Giroux",Hardcover,592,2021,2021,,2021/11/24,,,read,,,,1,0
36145738,The Sleepwalker's Guide to Dancing,Mira Jacob,"Jacob, Mira",,"=""""","=""""",0,4.00,Random House,Kindle Edition,530,2014,2014,,2021/11/03,currently-reading,currently-reading (#68),currently-reading,,,,1,0
22473789,Living Sober,Alcoholics Anonymous,"Anonymous, Alcoholics",,"=""""","=""""",0,4.35,"AA World Services, Inc.",Kindle Edition,104,2014,1975,,2019/06/16,currently-reading,currently-reading (#30),currently-reading,,,,1,0
13363444,Peace Like a River,Leif Enger,"Enger, Leif",,"=""1555845908""","=""9781555845902""",0,4.03,Atlantic Monthly Press,Kindle Edition,324,2007,2001,,2021/07/21,currently-reading,currently-reading (#67),currently-reading,,,,1,0
33396171,"All Systems Red (The Murderbot Diaries, #1)",Martha Wells,"Wells, Martha",,"=""""","=""""",5,4.11,Tordotcom,ebook,156,2017,2017,2021/07/03,2021/07/03,,,read,,,,1,0
36693524,The Rules Do Not Apply,Ariel Levy,"Levy, Ariel",,"=""0812996941""","=""""",0,3.70,Random House,Kindle Edition,225,2017,2017,,2021/06/26,currently-reading,currently-reading (#66),currently-reading,,,,1,0
55424165,Meditations,Marcus Aurelius,"Aurelius, Marcus",,"=""""","=""""",0,4.28,SANAGE PUBLISHING HOUSE LLP,Kindle Edition,150,2020,180,,2021/06/24,currently-reading,currently-reading (#65),currently-reading,,,,1,0
41941223,Recursion,Blake Crouch,"Crouch, Blake",,"=""1524759805""","=""9781524759803""",0,4.16,Ballantine Books,Kindle Edition,324,2019,2019,,2021/05/18,currently-reading,currently-reading (#64),currently-reading,,,,1,0
42421761,Where the Crawdads Sing,Delia Owens,"Owens, Delia",,"=""""","=""""",5,4.37,G.P. Putnam's Sons,ebook,370,2018,2018,2019/03/09,2019/03/04,,,read,,,,1,0
18683249,The Complete Short Stories of Ernest Hemingway,Ernest Hemingway,"Hemingway, Ernest",,"=""""","=""""",0,4.29,Scribner,Kindle Edition,676,2007,1987,,2021/04/10,currently-reading,currently-reading (#63),currently-reading,,,,1,0
56873767,In Our Time,Ernest Hemingway,"Hemingway, Ernest",,"=""""","=""""",0,3.73,SANAGE PUBLISHING HOUSE LLP,Kindle Edition,156,2021,1924,2021/04/10,2021/04/10,,,read,,,,1,0
19196011,Anatomy of a Murder,Robert Traver,"Traver, Robert",,"=""""","=""""",0,4.05,St. Martin's Griffin,ebook,449,2014,1958,,2021/03/21,currently-reading,currently-reading (#62),currently-reading,,,,1,0
44419781,"Social Skills Activities for Kids: 50 Fun Exercises for Making Friends, Talking and Listening, and Understanding Social Rules",Natasha Daniels,"Daniels, Natasha",,"=""1641522976""","=""9781641522977""",0,4.27,Rockridge Press,Kindle Edition,159,2019,,,2021/01/11,currently-reading,currently-reading (#61),currently-reading,,,,1,0
28055129,"Manias, Panics, and Crashes: A History of Financial Crises",Charles P. Kindleberger,"Kindleberger, Charles P.",,"=""1137525746""","=""9781137525741""",0,3.93,Palgrave Macmillan,Kindle Edition,442,2017,1978,,2021/01/08,currently-reading,currently-reading (#60),currently-reading,,,,1,0
35277487,"Martha Stewart's Slow Cooker: 110 Recipes for Flavorful, Foolproof Dishes (Including Desserts!), Plus Test-Kitchen Tips and Strategies: A Cookbook",Martha Stewart,"Stewart, Martha",,"=""0307954692""","=""9780307954695""",0,3.62,Clarkson Potter,Kindle Edition,266,2017,,,2021/01/07,currently-reading,currently-reading (#59),currently-reading,,,,1,0
54376029,Growth: From Microorganisms to Megacities,Vaclav Smil,"Smil, Vaclav",,"=""0262354527""","=""9780262354523""",0,3.87,The MIT Press,Kindle Edition,655,2019,2019,,2020/12/27,currently-reading,currently-reading (#58),currently-reading,,,,1,0
34848154,Old Man And The Sea,Ernest Hemingway,"Hemingway, Ernest",,"=""""","=""""",0,3.81,Grapevine,Kindle Edition,112,2016,1952,,2020/12/27,currently-reading,currently-reading (#57),currently-reading,,,,1,0
52944988,The Storm of Steel: Original 1929 Translation,Ernst Jünger,"Jünger, Ernst",Basil Creighton,"=""""","=""""",0,4.16,,Kindle Edition,189,2019,1920,,2020/12/05,currently-reading,currently-reading (#56),currently-reading,,,,1,0
6512869,The Power of Now: A Guide to Spiritual Enlightenment,Eckhart Tolle,"Tolle, Eckhart",,"=""""","=""""",0,4.15,New World Library,Kindle Edition,258,2010,1997,,2020/11/29,currently-reading,currently-reading (#55),currently-reading,,,,1,0
13513038,"The Fellowship of the Ring (The Lord of the Rings, #1)",J.R.R. Tolkien,"Tolkien, J.R.R.",,"=""""","=""""",0,4.41,Houghton Mifflin Harcourt,ebook,432,2012,1954,,2020/09/04,currently-reading,currently-reading (#54),currently-reading,,,,1,0
18866080,The Language of Letting Go: Daily Meditations on Codependency (Hazelden Meditation Series),Melody Beattie,"Beattie, Melody",,"=""""","=""""",0,4.37,Hazelden Publishing,Kindle Edition,401,2009,1990,,2020/08/18,currently-reading,currently-reading (#53),currently-reading,,,,1,0
52735317,Automate the Boring Stuff with Python: Practical Programming for Total Beginners,Al Sweigart,"Sweigart, Al",,"=""1593279930""","=""9781593279936""",0,4.28,No Starch Press,Kindle Edition,591,2019,2014,,2020/08/11,currently-reading,currently-reading (#52),currently-reading,,,,1,0
48710935,June's Wild Flight (The Last Kids on Earth #5.5),Max Brallier,"Brallier, Max",Douglas Holgate,"=""0593202937""","=""9780593202937""",0,4.44,Viking Books for Young Readers,Kindle Edition,263,2020,2020,2020/06/17,2020/06/17,,,read,,,,1,0
31948742,Born a Crime: Stories from a South African Childhood (One World Essentials),Trevor Noah,"Noah, Trevor",,"=""""","=""""",0,4.49,One World,Kindle Edition,264,2016,2016,,2020/06/16,currently-reading,currently-reading (#51),currently-reading,,,,1,0
50887680,"Alcohol is SH!T: How to Ditch the Booze, Re-ignite Your Life, and Recover the Person you Were Always Meant to be.",Paul  Churchill,"Churchill, Paul",,"=""""","=""""",0,4.16,,Kindle Edition,223,2019,,,2020/05/21,currently-reading,currently-reading (#50),currently-reading,,,,1,0
12379467,The Bhagavad Gita,Krishna-Dwaipayana Vyasa,"Vyasa, Krishna-Dwaipayana",Eknath Easwaran,"=""""","=""""",0,4.19,Nilgiri Press,Kindle Edition,297,2009,-400,,2020/05/10,currently-reading,currently-reading (#49),currently-reading,,,,1,0
38897904,Cryptonomicon,Neal Stephenson,"Stephenson, Neal",,"=""""","=""""",0,4.23,William Morrow,Kindle Edition,1168,2009,1999,,2020/05/03,currently-reading,currently-reading (#48),currently-reading,,,,1,0
40121378,Atomic Habits: An Easy & Proven Way to Build Good Habits & Break Bad Ones,James Clear,"Clear, James",,"=""""","=""""",0,4.32,Avery,Kindle Edition,319,2018,2018,,2020/05/02,currently-reading,currently-reading (#47),currently-reading,,,,1,0
42445130,Wanderers,Chuck Wendig,"Wendig, Chuck",,"=""""","=""""",4,3.98,Del Rey,ebook,800,2019,2019,2020/05/01,2020/04/03,,,read,,,,1,0
49788058,Eleanor Oliphant Is Completely Fine,Gail Honeyman,"Honeyman, Gail",,"=""""","=""""",5,4.23,Penguin Books,Kindle Edition,331,2018,2017,2020/04/13,2019/12/17,,,read,,,,1,0
6564771,The Fourth Turning: What the Cycles of History Tell Us About America's Next Rendezvous with Destiny,William Strauss,"Strauss, William",Neil Howe,"=""""","=""""",0,3.87,,Kindle Edition,400,,1996,,2020/04/12,currently-reading,currently-reading (#46),currently-reading,,,,1,0
18955788,"MOO, BAA, LA LA LA!",Sandra Boynton,"Boynton, Sandra",,"=""""","=""""",0,4.22,,Kindle Edition,14,2012,1982,,2020/03/26,currently-reading,currently-reading (#45),currently-reading,,,,1,0
28684704,Dark Matter,Blake Crouch,"Crouch, Blake",,"=""""","=""""",2,4.13,Broadway Books,ebook,352,2016,2016,2016/11/16,2016/11/08,,,read,,,,1,0
8499486,"Empire of the Summer Moon: Quanah Parker and the Rise and Fall of the Comanches, the Most Powerful Indian Tribe in American History",S.C. Gwynne,"Gwynne, S.C.",,"=""1416597158""","=""9781416597155""",0,4.25,Scribner,Kindle Edition,371,2010,2010,,2020/01/21,currently-reading,currently-reading (#44),currently-reading,,,,1,0
25076674,The Alchemist,Paulo Coelho,"Coelho, Paulo",Alan R. Clarke,"=""""","=""""",4,3.92,HarperOne,Kindle Edition,84,2021,1988,2020/01/08,2018/11/29,,,read,,,,1,0
13503222,"Batman, Volume 1: The Court of Owls",Scott Snyder,"Snyder, Scott","Greg Capullo, Jonathan Glapion","=""1401238718""","=""9781401238711""",0,4.33,DC Comics,Kindle Edition,176,2012,2012,,2019/12/29,currently-reading,currently-reading (#43),currently-reading,,,,1,0
40396699,The Silent Patient,Alex Michaelides,"Michaelides, Alex",,"=""""","=""""",4,4.17,Celadon Books,Kindle Edition,362,2019,2019,2019/12/29,2019/12/17,,,read,,,,1,0
35165775,The Experience of Insight: A Simple and Direct Guide to Buddhist Meditation,Joseph Goldstein,"Goldstein, Joseph",,"=""""","=""""",0,4.27,Shambhala,ebook,204,2017,1976,,2019/12/24,currently-reading,currently-reading (#42),currently-reading,,,,1,0
21950474,"How to Cheat a Dragon's Curse (How to Train Your Dragon, #4)",Cressida Cowell,"Cowell, Cressida",,"=""0316335673""","=""9780316335676""",0,4.23,"Little, Brown Books for Young Readers",Kindle Edition,255,2014,2006,2019/12/23,2019/12/23,,,read,,,,1,0
43364981,This Is How It Always Is,Laurie Frankel,"Frankel, Laurie",,"=""""","=""""",5,4.28,Flatiron Books,Kindle Edition,338,2018,2017,2019/12/14,2019/12/14,,,read,,,,1,0
34805848,Why Buddhism is True: The Science and Philosophy of Meditation and Enlightenment,Robert Wright,"Wright, Robert",,"=""""","=""""",0,4.02,Simon & Schuster,Kindle Edition,332,2017,2017,,2019/12/09,currently-reading,currently-reading (#41),currently-reading,,,,1,0
23569437,Batman: Arkham Asylum - A Serious House on Serious Earth,Grant Morrison,"Morrison, Grant","Dave McKean, Gaspar Saladino","=""1401255779""","=""9781401255770""",0,4.10,DC,Kindle Edition,220,2014,1989,,2019/11/09,currently-reading,currently-reading (#40),currently-reading,,,,1,0
36247169,Educated,Tara Westover,"Westover, Tara",,"=""""","=""""",0,4.46,Random House,ebook,336,2018,2018,,2019/10/20,currently-reading,currently-reading (#39),currently-reading,,,,1,0
8132407,East of Eden,John Steinbeck,"Steinbeck, John",,"=""""","=""""",0,4.44,Penguin Classic,ebook,620,2002,1952,2019/10/20,2019/10/08,,,read,,,,1,0
36982602,"This Naked Mind: Control Alcohol, Find Freedom, Discover Happiness & Change Your Life",Annie Grace,"Grace, Annie",,"=""0996715010""","=""9780996715010""",0,4.24,Avery,Kindle Edition,263,2015,2015,,2019/10/16,currently-reading,currently-reading (#38),currently-reading,,,,1,0
18923672,In the Realm of Hungry Ghosts: Close Encounters with Addiction,Gabor Maté,"Maté, Gabor",Peter A. Levine,"=""1583944206""","=""9781583944202""",0,4.48,North Atlantic Books,Kindle Edition,522,2011,2007,,2019/09/30,currently-reading,currently-reading (#37),currently-reading,,,,1,0
39382379,"My Sister, the Serial Killer",Oyinkan Braithwaite,"Braithwaite, Oyinkan",,"=""0385544243""","=""9780385544245""",4,3.64,Vintage,Kindle Edition,228,2018,2018,2019/09/30,2019/07/24,,,read,,,,1,0
32451813,Every Man a Menace: A Novel,Patrick  Hoffman,"Hoffman, Patrick",,"=""0802190138""","=""9780802190130""",0,3.60,Atlantic Monthly Press,Kindle Edition,286,2016,2016,,2019/09/16,currently-reading,currently-reading (#36),currently-reading,,,,1,0
25351349,Treat Your Own Neck,Robin  McKenzie,"McKenzie, Robin",,"=""098766445X""","=""9780987664457""",0,4.18,Spinal Publications New Zealand Limited,Kindle Edition,94,2015,1983,,2019/08/20,currently-reading,currently-reading (#35),currently-reading,,,,1,0
12187787,The Beginning of Infinity: Explanations That Transform the World,David Deutsch,"Deutsch, David",,"=""1101549823""","=""9781101549827""",0,4.17,Penguin Books,Kindle Edition,498,2011,2011,,2019/08/15,currently-reading,currently-reading (#34),currently-reading,,,,1,0
36565043,Lost Connections: Uncovering the Real Causes of Depression - and the Unexpected Solutions,Johann Hari,"Hari, Johann",,"=""1632868326""","=""9781632868329""",0,4.26,Bloomsbury USA,Kindle Edition,336,2018,2018,,2019/08/15,currently-reading,currently-reading (#33),currently-reading,,,,1,0
45064996,"Hyperion (Hyperion Cantos, #1)",Dan Simmons,"Simmons, Dan",,"=""""","=""""",0,4.28,Spectra,Kindle Edition,483,2011,1989,2019/08/15,2019/07/28,,,read,,,,1,0
8263728,"The Collected Short Stories, Vol 1: 100 Short Stories",Anton Chekhov,"Chekhov, Anton",,"=""""","=""""",0,4.38,Halcyon Classics,Kindle Edition,1037,,1880,,2019/08/07,currently-reading,currently-reading (#32),currently-reading,,,,1,0
34864345,"Altered Traits: Science Reveals How Meditation Changes Your Mind, Brain, and Body",Daniel Goleman,"Goleman, Daniel",Richard J. Davidson,"=""0399184406""","=""9780399184406""",0,3.90,Avery,Kindle Edition,336,2017,2017,,2019/07/16,currently-reading,currently-reading (#31),currently-reading,,,,1,0
35443605,Moby Dick,Herman Melville,"Melville, Herman",,"=""1542099056""","=""9781542099059""",5,3.57,AmazonClassics,Kindle Edition,655,2017,1851,2019/06/20,2019/03/28,,,read,,,,1,0
40488122,The Power of Habit: Why We Do What We Do in Life and Business,Charles Duhigg,"Duhigg, Charles",,"=""""","=""""",0,4.13,Random House,Kindle Edition,405,2012,2012,,2019/05/27,currently-reading,currently-reading (#29),currently-reading,,,,1,0
13329670,Batman: Year One,Frank Miller,"Miller, Frank",David  Mazzucchelli,"=""""","=""""",0,4.25,DC Comics,Kindle Edition,136,2011,1988,2019/05/26,2019/05/19,,,read,,,,1,0
6234210,Musicophilia,Oliver Sacks,"Sacks, Oliver",,"=""0307267911""","=""9780307267917""",0,3.95,Vintage,Kindle Edition,401,2008,2007,,2019/05/03,currently-reading,currently-reading (#28),currently-reading,,,,1,0
6616948,"The Mindbody Prescription: Healing the Body, Healing the Pain",John E. Sarno MD,"MD, John E. Sarno",,"=""""","=""""",0,4.03,,Kindle Edition,240,,1998,,2019/05/01,currently-reading,currently-reading (#27),currently-reading,,,,1,0
23838501,The Escape from Balance Sheet Recession and the QE Trap: A Hazardous Road for the World Economy,Richard C. Koo,"Koo, Richard C.",,"=""""","=""""",0,4.32,Wiley,Kindle Edition,323,2014,2014,,2019/03/21,currently-reading,currently-reading (#26),currently-reading,,,,1,0
24356669,Dead Wake: The Last Crossing of the Lusitania,Erik Larson,"Larson, Erik",,"=""0553446754""","=""9780553446753""",0,4.13,Crown,Kindle Edition,482,2015,2015,,2019/03/10,currently-reading,currently-reading (#25),currently-reading,,,,1,0
31125170,Total Competition: Lessons in Strategy from Formula One,Ross Brawn,"Brawn, Ross",Adam Parr,"=""""","=""""",0,3.87,Simon & Schuster UK,Kindle Edition,352,2016,,,2019/03/10,currently-reading,currently-reading (#24),currently-reading,,,,1,0
18841872,Mindfulness: A Practical Guide to Awakening,Joseph Goldstein,"Goldstein, Joseph",,"=""""","=""""",0,4.38,St. Martin's Essentials,Kindle Edition,482,2013,2013,,2019/02/19,currently-reading,currently-reading (#23),currently-reading,,,,1,0
40523340,"Black Leopard, Red Wolf (The Dark Star Trilogy, #1)",Marlon James,"James, Marlon",,"=""""","=""""",0,3.45,Riverhead Books,Kindle Edition,637,2019,2019,,2019/02/13,currently-reading,currently-reading (#22),currently-reading,,,,1,0
22593147,Big Nate Lives It Up: Join Big Nate on His New Animated Nickelodeon Series,Lincoln Peirce,"Peirce, Lincoln",,"=""0062111108""","=""9780062111104""",0,4.49,HarperCollins,Kindle Edition,224,2015,2015,2019/01/10,2018/11/05,,,read,,,,1,0
6563622,"The Shadow of the Wind (The Cemetery of Forgotten Books, #1)",Carlos Ruiz Zafón,"Zafón, Carlos Ruiz",Lucia Graves,"=""""","=""""",4,4.31,Penguin Group (USA),Kindle Edition,506,2007,2001,2016/04/12,2015/06/01,,,read,,,,1,0
18158562,"Crazy Rich Asians (Crazy Rich Asians, #1)",Kevin Kwan,"Kwan, Kevin",,"=""0385536984""","=""9780385536981""",3,3.91,Doubleday,Kindle Edition,546,2013,2013,2018/12/11,2018/12/11,,,read,,,,1,0
18856414,The Rise and Fall of the Great Powers,Paul Kennedy,"Kennedy, Paul",,"=""0307773566""","=""9780307773562""",0,4.14,Vintage,Kindle Edition,706,2010,1987,,2018/12/09,currently-reading,currently-reading (#21),currently-reading,,,,1,0
12914504,"Isaac's Storm: A Man, a Time, and the Deadliest Hurricane in History",Erik Larson,"Larson, Erik",,"=""""","=""""",0,4.05,Vintage,ebook,338,2011,1999,,2018/11/29,currently-reading,currently-reading (#20),currently-reading,,,,1,0
24624254,Dodger for President (Dodger and Me Book 2),Jordan Sonnenblick,"Sonnenblick, Jordan",,"=""""","=""""",5,3.52,Feiwel & Friends,Kindle Edition,174,2009,2009,2018/11/02,2018/11/01,,,read,,,,1,0
38478105,Mastering The Market Cycle: Getting the Odds on Your Side,Howard  Marks,"Marks, Howard",,"=""""","=""""",0,4.04,Harper Business,Kindle Edition,352,2018,2018,,2018/10/16,currently-reading,currently-reading (#19),currently-reading,,,,1,0
40810032,"We Are the Nerds: The Birth and Tumultuous Life of Reddit, the Internet's Culture Laboratory",Christine Lagorio-Chafkin,"Lagorio-Chafkin, Christine",,"=""0316435368""","=""9780316435369""",0,3.88,Grand Central Publishing,Kindle Edition,514,2018,2018,,2018/10/03,currently-reading,currently-reading (#18),currently-reading,,,,1,0
31145676,"Travels into Bokhara (Illustrated): A Voyage up the Indus to Lahore and a Journey to Cabool, Tartary & Persia",Alexander Burnes,"Burnes, Alexander",,"=""""","=""""",0,3.93,,Kindle Edition,172,2016,1835,,2018/09/04,currently-reading,currently-reading (#17),currently-reading,,,,1,0
40793127,"Foundation (Foundation, #1)",Isaac Asimov,"Asimov, Isaac",,"=""""","=""""",5,4.17,Spectra; Revised edition,ebook,255,2004,1951,2018/09/04,2018/08/21,,,read,,,,1,0
35714058,I'll Be Gone in the Dark: One Woman's Obsessive Search for the Golden State Killer,Michelle McNamara,"McNamara, Michelle",Gillian Flynn,"=""""","=""""",0,4.11,Harper,Kindle Edition,340,2018,2018,,2018/04/25,to-read,to-read (#11),to-read,,,,0,0
34051011,Pachinko,Min Jin Lee,"Lee, Min Jin",,"=""""","=""""",5,4.34,Grand Central Publishing,Kindle Edition,496,2017,2017,2018/08/13,2018/07/29,,,read,,,,1,0
30350729,Coyote America: A Natural and Supernatural History,Dan Flores,"Flores, Dan",,"=""""","=""""",4,4.08,Basic Books,Kindle Edition,318,2016,2016,2018/07/27,2018/05/31,,,read,,,,1,0
31686023,"Elon Musk: Tesla, SpaceX, and the Quest for a Fantastic Future",Ashlee Vance,"Vance, Ashlee",,"=""""","=""""",5,4.12,Ecco,ebook,400,2015,2015,2016/10/31,2016/10/25,,,read,,,,1,0
13355900,Don't Scream! (Goosebumps: Hall of Horrors #5),R.L. Stine,"Stine, R.L.",,"=""0545392578""","=""9780545392570""",5,3.98,Scholastic Paperbacks,Kindle Edition,163,2012,2012,2018/07/03,2018/07/03,,,read,,,,1,0
25010739,Help! We Have Strange Powers! (Goosebumps HorrorLand #10),R.L. Stine,"Stine, R.L.",,"=""0545840872""","=""9780545840873""",5,3.80,Scholastic Paperbacks,Kindle Edition,164,2015,2009,2018/07/03,2018/07/02,,,read,,,,1,0
30285063,"The Return: Fathers, Sons and the Land in Between",Hisham Matar,"Matar, Hisham",,"=""0812994833""","=""9780812994834""",0,4.16,Random House,Kindle Edition,238,2016,2016,,2018/04/08,currently-reading,currently-reading (#16),currently-reading,,,,1,0
6551349,"The Alienist (Dr. Laszlo Kreizler, #1)",Caleb Carr,"Carr, Caleb",,"=""""","=""""",4,4.06,Random House,ebook,608,2006,1994,2018/04/04,2018/02/27,,,read,,,,1,0
13053326,Ubik,Philip K. Dick,"Dick, Philip K.",,"=""0547728247""","=""9780547728247""",0,4.11,Mariner Books,Kindle Edition,226,2012,1969,,2018/03/30,currently-reading,currently-reading (#15),currently-reading,,,,1,0
21856119,Frozen The Ultimate Movie Guide,Mackavelles's Publishing,"Publishing, Mackavelles's",,"=""""","=""""",0,3.84,,Kindle Edition,11,2014,2014,,2018/03/30,currently-reading,currently-reading (#14),currently-reading,,,,1,0
22473229,Autobiography of a Yogi,Paramahansa Yogananda,"Yogananda, Paramahansa",,"=""1596744367""","=""9781596744363""",0,4.25,Crystal Clarity Publishers,Kindle Edition,311,2004,1946,,2018/03/18,currently-reading,currently-reading (#13),currently-reading,,,,1,0
34857604,Siddhartha,Hermann Hesse,"Hesse, Hermann",,"=""""","=""""",5,4.08,Samaira Book Publishers,Kindle Edition,170,2018,1922,2018/02/27,2018/02/23,,,read,,,,1,0
30636125,The Lost City of the Monkey God,Douglas Preston,"Preston, Douglas",,"=""""","=""""",4,3.93,Grand Central Publishing,ebook,336,2017,2017,2018/02/22,2018/01/16,,,read,,,,2,0
35176276,Energy and Civilization: A History,Vaclav Smil,"Smil, Vaclav",,"=""""","=""""",0,4.09,The MIT Press,Kindle Edition,733,2017,2017,,2018/01/13,currently-reading,currently-reading (#12),currently-reading,,,,1,0
7069,The World According to Garp,John Irving,"Irving, John",,"=""0345915593""","=""9780345915597""",5,4.11,Ballantine Books,Hardcover,610,1999,1978,,2015/06/10,,,read,,,,1,0
20873740,Sapiens: A Brief History of Humankind,Yuval Noah Harari,"Harari, Yuval Noah",,"=""0062316109""","=""9780062316103""",2,4.33,Harper,Kindle Edition,414,2015,2011,2018/01/13,2017/10/03,,,read,,,,1,0
31705848,The Omega Men: The End is Here,Tom     King,"King, Tom","Barnaby Bagenda, Ig Guara, Toby Cypress","=""1401271863""","=""9781401271862""",0,4.02,DC,Kindle Edition,290,2016,2016,,2017/10/16,to-read,to-read (#10),to-read,,,,0,0
24375664,"The Dark Forest (Remembrance of Earth’s Past, #2)",Liu Cixin,"Cixin, Liu",Joel Martinsen,"=""""","=""""",5,4.40,Tor Books,Kindle Edition,513,2015,2008,2018/01/13,2017/10/23,,,read,,,,1,0
25735618,"Death's End (Remembrance of Earth’s Past, #3)",Liu Cixin,"Cixin, Liu",Ken Liu,"=""""","=""""",4,4.40,Tor Books,Kindle Edition,605,2016,2010,2018/01/11,2018/01/11,,,read,,,,1,0
35503141,Hillbilly Elegy: A Memoir of a Family and Culture in Crisis,J.D. Vance,"Vance, J.D.",,"=""""","=""""",5,3.83,HarperCollins Publishers,Kindle Edition,273,2017,2016,2017/10/23,2017/10/09,,,read,,,,1,0
6624506,Middlesex,Jeffrey Eugenides,"Eugenides, Jeffrey",,"=""1429956275""","=""9781429956277""",5,4.04,"Farrar, Straus and Giroux",Kindle Edition,544,2010,2002,2017/10/03,2017/09/03,,,read,,,,1,0
11974699,The Marriage Plot,Jeffrey Eugenides,"Eugenides, Jeffrey",,"=""1429969180""","=""9781429969185""",0,3.48,"Farrar, Straus and Giroux",Kindle Edition,417,2011,2011,,2017/09/26,currently-reading,currently-reading (#11),currently-reading,,,,1,0
36225234,Batman: The Dark Knight: The Master Race (Dark Knight III: The Master Race; 2015-2017),Brian Azzarello,"Azzarello, Brian","Andy Kubert, Klaus Janson, Eduardo Risso, John Romita Jr.","=""1401280188""","=""9781401280185""",0,3.66,DC Comics,Kindle Edition,381,2017,2017,2017/09/26,2017/09/25,,,read,,,,1,0
31560634,The Practice and Science of Drawing,Harold Speed,"Speed, Harold",,"=""3736407912""","=""9783736407916""",0,4.09,Empire Books,Kindle Edition,129,2016,1913,,2017/09/22,currently-reading,currently-reading (#10),currently-reading,,,,1,0
31675787,"Beartown (Beartown, #1)",Fredrik Backman,"Backman, Fredrik",,"=""""","=""""",2,4.29, Atria Books,ebook,432,2017,2016,2017/09/02,2017/08/20,,,read,<strong>Overly sentimental and kitchy</strong><br/><br/>This is what a book by shonda Rhimes about Hockey would be like. General writing quality is poor and character development is terrible. ,,,1,0
11359515,The Sojourn,Andrew Krivak,"Krivak, Andrew",,"=""""","=""""",0,3.85,Bellevue Literary Press,ebook,193,2011,2011,,2017/08/17,currently-reading,currently-reading (#9),currently-reading,,,,1,0
12802745,The Better Angels of Our Nature: Why Violence Has Declined,Steven Pinker,"Pinker, Steven",,"=""""","=""""",5,4.16,Penguin Publishing,ebook,832,2011,2010,2017/08/08,2017/08/08,,,read,,,,1,0
29241855,"This Was a Man (The Clifton Chronicles, #7)",Jeffrey Archer,"Archer, Jeffrey",,"=""""","=""""",0,4.34,St. Martin's Press,Kindle Edition,416,2016,2016,,2017/07/15,currently-reading,currently-reading (#8),currently-reading,,,,1,0
11823620,American Gods,Neil Gaiman,"Gaiman, Neil",,"=""""","=""""",5,4.10,William Morrow,ebook,674,2011,2001,2017/04/21,2017/03/31,,,read,,,,1,0
19018358,Ulysses,James Joyce,"Joyce, James",,"=""""","=""""",0,3.76,Classic Fiction of James Joyce,Kindle Edition,268,2014,1922,,2017/04/21,currently-reading,currently-reading (#7),currently-reading,,,,1,0
18245960,"The Three-Body Problem (Remembrance of Earth’s Past, #1)",Liu Cixin,"Cixin, Liu",Ken Liu,"=""""","=""""",5,4.08,Tor Books,ebook,400,2014,2006,,2017/01/21,,,read,,,,1,0
8543646,Civil War on Sunday,Mary Pope Osborne,"Osborne, Mary Pope",Sal Murdocca,"=""""","=""""",5,4.00,,Kindle Edition,90,,2000,,2017/01/16,,,read,,,,1,0
25035100,The Sellout,Paul Beatty,"Beatty, Paul",,"=""""","=""""",5,3.74,"Farrar, Straus and Giroux",ebook,305,2015,2015,2016/12/25,2016/11/24,,,read,,,,1,0
25360188,Between the World and Me (One World Essentials),Ta-Nehisi Coates,"Coates, Ta-Nehisi",,"=""0679645985""","=""9780679645986""",4,4.40,One World,Kindle Edition,176,2015,2015,,2016/11/24,,,read,,,,1,0
17204679,Man's Search for Meaning,Viktor E. Frankl,"Frankl, Viktor E.",Ilse Lasch,"=""""","=""""",5,4.37,Beacon Press,Kindle Edition,188,2006,1946,2016/11/08,2016/10/31,,,read,,,,1,0
15997017,Fearless: The Heroic Story of One Navy SEAL's Sacrifice in the Hunt for Osama Bin Laden and the Unwavering Devotion of the Woman Who Loved Him,Eric Blehm,"Blehm, Eric",,"=""""","=""""",5,4.57,WaterBrook,Kindle Edition,272,2012,2012,,2016/10/24,,,read,,,,1,0
26545860,The Romanovs: 1613-1918,Simon Sebag Montefiore,"Montefiore, Simon Sebag",,"=""1101946970""","=""9781101946978""",0,4.02,Vintage,Kindle Edition,764,2016,2016,,2016/09/07,currently-reading,currently-reading (#6),currently-reading,,,,1,0
11590,’Salem’s Lot,Stephen  King,"King, Stephen",,"=""0450031063""","=""9780450031069""",0,4.10,New English Library,Paperback,483,1991,1975,,2016/09/07,,,read,,,,1,0
13480263,'Salem's Lot,Stephen  King,"King, Stephen",,"=""""","=""""",3,4.10,Anchor,ebook,668,2008,1975,,2016/08/27,currently-reading,currently-reading (#5),currently-reading,,,,1,0
23508697,Napoleon: A Life,Andrew Roberts,"Roberts, Andrew",,"=""0698176286""","=""9780698176287""",0,4.25,Penguin Books,Kindle Edition,1334,2014,2014,,2016/08/01,currently-reading,currently-reading (#4),currently-reading,,,,1,0
8120173,The Book Thief,Markus Zusak,"Zusak, Markus",,"=""""","=""""",0,4.39,Knopf Books for Young Readers,Kindle Edition,554,2007,2005,,2016/07/08,currently-reading,currently-reading (#3),currently-reading,,,,1,0
22816087,Seveneves,Neal Stephenson,"Stephenson, Neal",,"=""""","=""""",5,4.00,William Morrow,Kindle Edition,872,2015,2015,2016/07/08,2016/06/22,,,read,,,,1,0
6996,No Ordinary Genius: The Illustrated Richard Feynman,Christopher Sykes,"Sykes, Christopher",Richard P. Feynman,"=""039331393X""","=""9780393313932""",5,4.32,W. W. Norton & Company,Paperback,274,1996,1965,,2016/07/08,,,read,,,,1,0
13425592,"Devil in the Grove: Thurgood Marshall, the Groveland Boys, and the Dawn of a New America",Gilbert King,"King, Gilbert",,"=""0062097717""","=""9780062097712""",5,4.40,Harper,ebook,434,2012,2012,,2016/07/08,,,read,,,,1,0
22557272,The Girl on the Train,Paula Hawkins,"Hawkins, Paula",,"=""1594633665""","=""9781594633669""",4,3.96,Riverhead Books,Hardcover,336,2015,2015,,2016/07/08,,,read,,,,1,0
3591262,Cutting for Stone,Abraham   Verghese,"Verghese, Abraham",,"=""0375414495""","=""9780375414497""",0,4.34,Alfred A. Knopf,Hardcover,560,2009,2009,,2016/06/22,to-read,to-read (#9),to-read,,,,0,0
19437999,The Untethered Soul: The Journey Beyond Yourself,Michael A. Singer,"Singer, Michael A.",,"=""1608820491""","=""9781608820498""",5,4.20,New Harbinger Publications,Kindle Edition,314,2007,2007,2016/06/20,2016/06/20,,,read,,,,1,0
19494,"The Spy Who Came In from the Cold (George Smiley, #3)",John le Carré,"Carré, John le",,"=""""","=""9780743442534""",5,4.09,Scribner,Paperback,212,2001,1963,,2016/04/24,,,read,,,,1,0
18046624,"Red Rising (Red Rising Saga, #1)",Pierce Brown,"Brown, Pierce",,"=""""","=""""",3,4.27,Del Rey,ebook,400,2014,2014,2016/05/31,2016/05/09,,,read,,,,1,0
679418,Cable Cowboy,Mark Robichaux,"Robichaux, Mark",,"=""047170637X""","=""9780471706373""",5,4.24,Wiley,Paperback,336,2005,2002,,2016/05/31,,,read,,,,1,0
24984508,Missoula: Rape and the Justice System in a College Town,Jon Krakauer,"Krakauer, Jon",,"=""038553874X""","=""9780385538749""",2,4.12,Vintage,Kindle Edition,376,2015,2015,2016/05/04,2016/04/29,,,read,,,,1,0
9849568,"The Human Obsession (Manufactured Identity, #3)",Heath Sommer,"Sommer, Heath",,"=""1616637609""","=""9781616637606""",2,4.18,Tate Publishing,Perfect Paperback,316,2010,2010,2016/04/26,2016/04/24,,,read,,,,1,0
23168277,"The Sympathizer (The Sympathizer, #1)",Viet Thanh Nguyen,"Nguyen, Viet Thanh",,"=""0802123457""","=""9780802123459""",0,4.01,Grove Press,Hardcover,384,2015,2015,,2016/04/24,currently-reading,currently-reading (#2),currently-reading,,,,1,0
24353103,H is for Hawk,Helen Macdonald,"Macdonald, Helen",,"=""""","=""""",4,3.74,Grove Press,Kindle Edition,327,2015,2014,2016/04/21,2016/04/11,,,read,,,,1,0
13127006,Batman: The Complete Hush (Batman (1940-2011)),Jeph Loeb,"Loeb, Jeph",Jim Lee,"=""1401235824""","=""9781401235826""",4,4.26,DC Comics,Kindle Edition,298,2011,2002,2016/04/12,2015/08/02,,,read,,,,1,0
45546,Undaunted Courage: The Pioneering First Mission to Explore America's Wild Frontier,Stephen E. Ambrose,"Ambrose, Stephen E.",,"=""074347788X""","=""9780743477888""",4,4.23,Simon & Schuster,Paperback,592,2003,1996,2016/04/11,2016/01/24,,,read,,,,1,0
23014593,Little Black Lies,Sharon J. Bolton,"Bolton, Sharon J.",,"=""1250028590""","=""9781250028594""",4,3.97,Minotaur Books,Hardcover,368,2015,2015,,2015/06/10,,,read,,,,1,0
27202636,"Postal, Volume 1",Matt Hawkins,"Hawkins, Matt","Bryan Edward Hill, Betsy Gonia","=""""","=""""",4,3.70,Image - Top Cow,Kindle Edition,128,2015,2015,2016/01/31,2016/01/31,,,read,,,,1,0
23751692,A Little Life,Hanya Yanagihara,"Yanagihara, Hanya",,"=""""","=""""",5,4.27,Doubleday,ebook,737,2015,2015,2016/01/24,2016/01/12,,,read,"<strong>Emotionally gripping</strong><br/><br/>This book is long but worth it. It forces you to confront and understand levels of human anguish that you never thought were possible. It is both a tribute to the human spirit but also an admission that no matter how noble one's intentions can be, life can be horribly and unapologetically deterministic. ",,,1,0
22348782,A Brief History of Seven Killings,Marlon James,"James, Marlon",,"=""0698170504""","=""9780698170506""",5,3.89,Riverhead ,Kindle Edition,688,2014,2014,2016/01/03,2016/01/03,,,read,,,,1,0
24453537,The Wright Brothers,David McCullough,"McCullough, David",,"=""""","=""""",4,4.18,Simon & Schuster,ebook,337,2015,2015,2015/11/15,2015/11/03,,,read,,,,1,0
25888722,Two Hours: The Quest to Run the Impossible Marathon,Ed Caesar,"Caesar, Ed",,"=""1451685866""","=""9781451685862""",5,3.95,Simon & Schuster,Kindle Edition,194,2015,2015,2015/11/01,2015/11/01,,,read,,,,1,0
767171,The Rise and Fall of the Third Reich: A History of Nazi Germany,William L. Shirer,"Shirer, William L.",,"=""0671728687""","=""9780671728687""",0,4.23,Simon & Schuster,Mass Market Paperback,1147,1990,1960,,2013/12/25,currently-reading,currently-reading (#1),currently-reading,,,,1,0
5711242,The Devil in the White City,Erik Larson,"Larson, Erik",,"=""""","=""""",5,4.00,Vintage,Kindle Edition,447,2004,2003,2015/09/19,2015/09/19,,,read,,,,1,0
8440924,The Longest Day: The Classic Epic of D-Day,Cornelius Ryan,"Ryan, Cornelius",,"=""1439126461""","=""9781439126462""",4,4.34,Simon & Schuster,Kindle Edition,353,2010,1959,2015/09/05,2015/09/05,,,read,,,,1,0
23214263,"The Ingenious Mr Pyke: Inventor, Fugitive, Spy",Henry Hemming,"Hemming, Henry",,"=""1610395778""","=""9781610395779""",3,3.60,PublicAffairs,Hardcover,512,2015,2014,2015/08/01,2015/06/10,,,read,,,,1,0
4778436,Hunting Eichmann,Neal Bascomb,"Bascomb, Neal",,"=""0618858679""","=""9780618858675""",4,4.27,Houghton Mifflin Harcourt,Hardcover,390,2009,2009,2015/06/22,2015/05/28,,,read,,,,1,0
3985,The Amazing Adventures of Kavalier & Clay,Michael Chabon,"Chabon, Michael",,"=""0312282990""","=""9780312282998""",5,4.19,Picador USA,Paperback,639,2001,2000,,2015/06/10,,,read,,,,1,0
5907,"The Hobbit, or There and Back Again",J.R.R. Tolkien,"Tolkien, J.R.R.","Douglas A. Anderson, Michael Hague, Jemima Catlin","=""""","=""""",5,4.30,Houghton Mifflin,Paperback,366,2002,1937,,2015/06/10,,,read,,,,1,0
5107,The Catcher in the Rye,J.D. Salinger,"Salinger, J.D.",,"=""0316769177""","=""9780316769174""",4,3.80,Back Bay Books,Paperback,277,2001,1951,,2015/06/10,,,read,,,,1,0
1232,"The Shadow of the Wind (The Cemetery of Forgotten Books, #1)",Carlos Ruiz Zafón,"Zafón, Carlos Ruiz",Lucia Graves,"=""""","=""""",5,4.31,Penguin Books,Paperback,487,2005,2001,,2015/06/10,,,read,,,,1,0
170453,Life of Pi,Yann Martel,"Martel, Yann",,"=""0156027321""","=""9780156027328""",4,3.94,Harcourt Books,Unknown Binding,326,2002,2001,,2014/02/10,,,read,,,,1,0
7126,The Count of Monte Cristo,Alexandre Dumas,"Dumas, Alexandre",Robin Buss,"=""0140449264""","=""9780140449266""",5,4.33,Penguin Classics,Paperback,1276,2003,1844,,2015/06/01,,,read,,,,1,0
960,"Angels & Demons (Robert Langdon, #1)",Dan    Brown,"Brown, Dan",,"=""1416524797""","=""9781416524793""",3,3.96,Pocket Books,Paperback,736,2006,2000,,2015/06/01,,,read,,,,1,0
7624,Lord of the Flies,William Golding,"Golding, William",,"=""0140283331""","=""9780140283334""",4,3.70,Penguin Books ,Paperback,182,1999,1954,,2015/06/01,,,read,,,,1,0
1618,The Curious Incident of the Dog in the Night-Time,Mark Haddon,"Haddon, Mark",,"=""1400032717""","=""9781400032716""",3,3.89,Vintage,Paperback,226,2004,2003,,2015/06/01,,,read,,,,1,0
77203,The Kite Runner,Khaled Hosseini,"Hosseini, Khaled",,"=""159463193X""","=""9781594631931""",4,4.36,Riverhead Books,Paperback,371,2004,2003,,2015/06/01,,,read,,,,1,0
33,The Lord of the Rings,J.R.R. Tolkien,"Tolkien, J.R.R.",Alan Lee,"=""0618640150""","=""9780618640157""",5,4.54,Houghton Mifflin Harcourt,Paperback,1216,2005,1959,,2015/06/01,,,read,,,,1,0
968,"The Da Vinci Code (Robert Langdon, #2)",Dan    Brown,"Brown, Dan",,"=""""","=""""",4,3.94,Anchor,Paperback,489,2006,2003,,2015/06/01,,,read,,,,1,0
234225,Dune (Dune #1),Frank Herbert,"Herbert, Frank",,"=""0340839937""","=""9780340839935""",5,4.29,Hodder,Paperback,604,2006,1965,,2015/05/28,,,read,,,,1,0
6682162,"Omerta (The Godfather, #3)",Mario Puzo,"Puzo, Mario",,"=""""","=""""",2,3.78,Random House,Kindle Edition,384,2000,2000,,2015/05/28,,,read,,,,1,0
8622058,The Remains of the Day,Kazuo Ishiguro,"Ishiguro, Kazuo",,"=""""","=""""",5,4.14,Vintage,ebook,276,2010,1989,2015/05/07,2015/04/27,,,read,,,,1,0
18401393,The Martian,Andy Weir,"Weir, Andy",,"=""""","=""""",4,4.42,Broadway Books,Kindle Edition,385,2014,2011,2015/04/27,2015/04/27,,,read,,,,1,0
16299,And Then There Were None,Agatha Christie,"Christie, Agatha",,"=""0312330871""","=""9780312330873""",2,4.27,St. Martin's Griffin,Paperback,264,2004,1939,,2013/08/01,,,read,,,,1,0
13261812,Gone Girl,Gillian Flynn,"Flynn, Gillian",,"=""""","=""""",4,4.15,Crown,ebook,476,2012,2012,,2014/02/10,,,read,,,,1,0
10669,When Genius Failed: The Rise and Fall of Long-Term Capital Management,Roger Lowenstein,"Lowenstein, Roger",,"=""0375758259""","=""9780375758256""",4,4.20,Random House Trade Paperbacks,Paperback,264,2001,2000,,2015/02/09,,,read,,,,1,0
6570440,In the Heart of the Sea: The Tragedy of the Whaleship Essex (National Book Award Winner),Nathaniel Philbrick,"Philbrick, Nathaniel",,"=""1101221577""","=""9781101221570""",5,4.17,Penguin Books,Kindle Edition,338,2001,2000,2015/02/09,2015/02/09,,,read,,,,1,0
12969594,The Orphan Master's Son,Adam  Johnson,"Johnson, Adam",,"=""""","=""""",0,4.07,Random House,ebook,443,2012,2012,2015/01/20,2015/01/19,,,read,,,,1,0
11529868,The Orphan Master's Son,Adam  Johnson,"Johnson, Adam",,"=""0812992792""","=""9780812992793""",5,4.07,Random House,Hardcover,443,2012,2012,,2015/01/20,,,read,,,,1,0
20403386,Extraordinary Exhibitions: Broadsides from the Collection of Ricky Jay,Ricky Jay,"Jay, Ricky",,"=""""","=""""",3,4.33,Quantuck Lane Press,Hardcover,176,2005,2005,,2014/02/10,,,read,,,,1,0
19301202,"Once Upon a Car: The Fall and Resurrection of America's Big Three Automakers—GM, Ford, and Chrysler",Bill Vlasic,"Vlasic, Bill",,"=""""","=""""",5,4.19,William Morrow,Kindle Edition,405,2011,2011,2014/11/25,2014/11/25,,,read,,,,1,0
8477057,Daytripper,Fábio Moon,"Moon, Fábio","Gabriel Bá, Craig Thompson, Dave  Stewart, Sean Konot","=""1401229697""","=""9781401229696""",5,4.33,Vertigo (DC Comics),Paperback,256,2011,2011,,2014/05/01,,,read,,,,1,0
20562738,"Preacher, Volume 7: Salvation",Garth Ennis,"Ennis, Garth",Steve Dillon,"=""""","=""""",4,4.31,Vertigo,Paperback,256,1999,1999,,2014/02/10,,,read,,,,1,0
20325696,"Preacher, Volume 5: Dixie Fried",Garth Ennis,"Ennis, Garth",Steve Dillon,"=""""","=""""",4,4.29,Vertigo,Paperback,224,1998,1998,,2014/02/10,,,read,,,,1,0
20616902,J.R.R. Tolkien Boxed Set (The Hobbit and The Lord of the Rings),J.R.R. Tolkien,"Tolkien, J.R.R.",,"=""""","=""""",5,4.62,Del Rey,Mass Market Paperback,1652,2001,1954,,2014/02/10,,,read,,,,1,0
8684481,Galveston,Nic Pizzolatto,"Pizzolatto, Nic",,"=""1439166676""","=""9781439166673""",4,3.79,Scribner,Kindle Edition,276,2010,2010,,2014/03/21,,,read,,,,1,0
18894249,The Book of Five Rings,Miyamoto Musashi,"Musashi, Miyamoto","Shiro Tsujimura, William Scott Wilson","=""0834827867""","=""9780834827868""",0,3.94,Shambhala,Kindle Edition,166,2012,1645,,2014/02/10,to-read,to-read (#5),to-read,,,,0,0
8889380,"Unbroken: A World War II Story of Survival, Resilience, and Redemption",Laura Hillenbrand,"Hillenbrand, Laura",,"=""""","=""""",5,4.39,Random House,ebook,497,2010,2010,,2014/02/10,,,read,,,,1,0
18632215,The Sports Gene: Inside the Science of Extraordinary Athletic Performance,David   Epstein,"Epstein, David",,"=""1101622636""","=""9781101622636""",0,4.20,Current,Kindle Edition,353,2013,2013,,2014/02/10,to-read,to-read (#6),to-read,,,,0,0
17404747,The Boys in the Boat: Nine Americans and Their Epic Quest for Gold at the 1936 Berlin Olympics,Daniel James Brown,"Brown, Daniel James",,"=""""","=""""",5,4.39,Viking Adult,Kindle Edition,460,2013,2013,,2014/02/10,,,read,,,,1,0
848142,The Biggest Game in Town,Al Álvarez,"Álvarez, Al",,"=""0811834344""","=""9780811834346""",4,3.74,Chronicle Books,Paperback,192,2002,1983,,2014/02/10,,,read,,,,1,0
116184,You Can Be a Stock Market Genius: Uncover the Secret Hiding Places of Stock Market Profits,Joel Greenblatt,"Greenblatt, Joel",,"=""0684840073""","=""9780684840079""",4,4.22,Touchstone,Paperback,285,1999,1997,,2014/02/10,,,read,,,,1,0
145565,The Essays of Warren Buffett : Lessons for Corporate America,Warren Buffett,"Buffett, Warren",Lawrence A. Cunningham,"=""0966446119""","=""9780966446111""",5,4.33,The Cunningham Group,Paperback,256,2001,1998,,2014/02/10,,,read,,,,1,0
75889,The Little Book That Beats the Market (Little Books. Big Profits),Joel Greenblatt,"Greenblatt, Joel",Andrew Tobias,"=""0471733067""","=""9780471733065""",3,3.98,Wiley,Hardcover,176,2005,1999,,2014/02/10,,,read,,,,1,0
891844,Reminiscences of a Stock Operator,Edwin Lefèvre,"Lefèvre, Edwin",,"=""0471059706""","=""9780471059707""",3,4.18,John Wiley & Sons,Paperback,299,1994,,,2014/02/10,,,read,,,,1,0
38315,Fooled by Randomness: The Hidden Role of Chance in Life and in the Markets (Incerto),Nassim Nicholas Taleb,"Taleb, Nassim Nicholas",,"=""0812975219""","=""9780812975215""",4,4.08,Random House Trade Paperbacks,Paperback,368,2005,2001,,2014/02/10,,,read,,,,1,0
3657,The Sea,John Banville,"Banville, John",,"=""0307263118""","=""9780307263117""",3,3.55,Knopf,Hardcover,195,2005,2005,,2014/02/10,,,read,,,,1,0
164131,"Stock Market Wizards: Interviews with America's Top Stock Traders  (Market Wizards, #3)",Jack D. Schwager,"Schwager, Jack D.",,"=""0066620597""","=""9780066620596""",3,4.28,Harper Business,Paperback,352,2003,2001,,2014/02/10,,,read,,,,1,0
16703,The Yiddish Policemen's Union,Michael Chabon,"Chabon, Michael",,"=""0007149824""","=""9780007149827""",2,3.72,HarperCollins,Hardcover,414,2007,2007,,2014/02/10,,,read,,,,1,0
448135,The Coldest Winter: America and the Korean War,David Halberstam,"Halberstam, David",,"=""1401300529""","=""9781401300524""",5,4.23,Hyperion,Hardcover,734,2007,2007,,2014/02/10,,,read,,,,1,0
3707924,The White Tiger,Aravind Adiga,"Adiga, Aravind",,"=""1416562605""","=""9781416562603""",3,3.77,Free Press,Paperback,276,2008,2008,,2014/02/10,,,read,,,,1,0
1933724,Critical: What We Can Do About the Health-Care Crisis,Tom Daschle,"Daschle, Tom",,"=""0312383010""","=""9780312383015""",4,3.30,Thomas Dunne Books,Hardcover,240,2008,2008,,2014/02/10,,,read,,,,1,0
186124,Fortune's Formula: The Untold Story of the Scientific Betting System That Beat the Casinos and Wall Street,William Poundstone,"Poundstone, William",,"=""0809045990""","=""9780809045990""",5,4.18,Hill and Wang,Paperback,386,2006,2006,,2014/02/10,,,read,,,,1,0
6033336,Factory Girls: From Village to City in a Changing China,Leslie T. Chang,"Chang, Leslie T.",,"=""0385520182""","=""9780385520188""",4,3.93,Random House,Paperback,431,2009,2008,,2014/02/10,,,read,,,,1,0
6945572,Country Driving: A Journey Through China from Farm to Factory,Peter Hessler,"Hessler, Peter",,"=""0061804096""","=""9780061804090""",5,4.26,Harper,Hardcover,448,2010,2009,,2014/02/10,,,read,,,,1,0
6565468,The King of Oil: The Secret Lives of Marc Rich,Daniel Ammann,"Ammann, Daniel",,"=""0312570740""","=""9780312570743""",4,4.20,St. Martin's Press,Hardcover,320,2009,2009,,2014/02/10,,,read,,,,1,0
6834410,The Imperfectionists,Tom Rachman,"Rachman, Tom",,"=""0385343663""","=""9780385343664""",4,3.55,The Dial Press,Hardcover,272,2010,2010,,2014/02/10,,,read,,,,1,0
4070074,Sustainable Energy - without the hot air,David J.C. MacKay,"MacKay, David J.C.",,"=""0954452933""","=""9780954452933""",5,4.41,UIT Cambridge Ltd.,Paperback,384,2009,2008,,2014/02/10,,,read,,,,1,0
20134042,USA Inc.: A Basic Summary of America's Financial Statements,Mary G. Meeker,"Meeker, Mary G.",,"=""1450764509""","=""9781450764506""",2,3.69,Kleiner Perkins Caufield & Byers,Paperback,266,2011,2011,,2014/02/10,,,read,,,,1,0
18218574,Batman: The Dark Knight Returns,Frank Miller,"Miller, Frank",,"=""""","=""""",5,4.26,DC Comics,Kindle Edition,223,2011,1986,,2014/02/10,,,read,,,,1,0
6657541,"The Sandman, Vol. 1: Preludes & Nocturnes",Neil Gaiman,"Gaiman, Neil","Sam Kieth, Mike Dringenberg, Malcolm Jones III, Todd Klein, Daniel Vozzo, Karen  Berger, Dave McKean","=""1401225756""","=""9781401225759""",2,4.25,Vertigo,Paperback,240,2012,1988,,2014/02/10,,,read,,,,1,0
95431,"Preacher, Volume 1: Gone to Texas",Garth Ennis,"Ennis, Garth",Steve Dillon,"=""""","=""9781563892615""",5,4.16,Vertigo,Comics,336,1996,1995,,2014/02/10,,,read,,,,1,0
13361544,Batman: The Dark Knight Strikes Again,Frank Miller,"Miller, Frank",Lynn Varley,"=""1401236677""","=""9781401236670""",5,3.20,DC Comics,Kindle Edition,256,2011,2001,,2014/02/10,,,read,,,,1,0
13259950,A Man and His Ship: America's Greatest Naval Architect and His Quest to Build the S.S. United States,Steven Ujifusa,"Ujifusa, Steven",,"=""1451645074""","=""9781451645071""",0,4.28,Simon & Schuster,Hardcover,448,2012,2012,,2014/02/10,to-read,to-read (#8),to-read,,,,0,0
8135743,Legacy of Ashes: The History of the CIA,Tim Weiner,"Weiner, Tim",,"=""""","=""""",5,3.96,,Kindle Edition,999,,2007,,2014/02/10,,,read,,,,1,0
16057535,"Cold, Hungry and in the Dark: Exploding the Natural Gas Supply Myth",Bill Powers,"Powers, Bill",Bill Powers,"=""0865717435""","=""9780865717435""",0,3.38,New Society Publishers,Paperback,336,2013,2013,,2014/02/10,to-read,to-read (#7),to-read,,,,0,0
11955187,The Family Meal: Home Cooking with Ferran Adrià,Ferran Adrià,"Adrià, Ferran",Cillero & deMotta,"=""0714862533""","=""9780714862538""",5,4.17,Phaidon Press,Hardcover,384,2011,2011,,2014/02/10,,,read,,,,1,0
18663969,The Pioneer Detectives: Did a distant spacecraft prove Einstein and Newton wrong? (Kindle Single),Konstantin Kakaes,"Kakaes, Konstantin",,"=""""","=""""",4,3.85,The Millions,Kindle Edition,72,2013,2013,,2014/02/10,,,read,,,,1,0
18468897,"Attack on Titan, Vol. 1",Hajime Isayama,"Isayama, Hajime",,"=""1612626157""","=""9781612626154""",5,4.48,Kodansha Comics,Kindle Edition,203,2013,2010,,2014/02/10,,,read,,,,1,0
559537,"Blues Piano Complete Guide with Online Audio | Keyboard Instruction Sheet Music Songbook | Learn Blues Piano Scales, Chords and Soloing Techniques | Hal Leonard Keyboard Style Series",Mark    Harrison,"Harrison, Mark",Hal Leonard,"=""0634061690""","=""9780634061691""",3,3.80,Hal Leonard,Paperback,80,2003,2003,,2014/02/10,,,read,,,,1,0
19607443,Boogie-Woogie Piano The Complete Guide with Online Audio! (Hal Leonard Keyboard Style Series),Todd Lowry,"Lowry, Todd",,"=""1480330310""","=""9781480330313""",3,4.17,Hal Leonard,Paperback,72,2013,2013,,2014/02/10,,,read,,,,1,0
13481648,"The Strange Talent of Luther Strode (Luther Strode, #1)",Justin Jordan,"Jordan, Justin","Tradd Moore, Felipe Sobreiro","=""1607065312""","=""9781607065319""",5,3.83,Image Comics,Paperback,144,2012,2012,,2014/02/10,,,read,,,,1,0
18875698,"Attack on Titan, Vol. 8",Hajime Isayama,"Isayama, Hajime",,"=""1612626815""","=""9781612626819""",5,4.55,Kodansha Comics,Kindle Edition,187,2013,2012,,2014/02/10,,,read,,,,1,0
17703497,"The Legend of Luther Strode (Luther Strode, #2)",Justin Jordan,"Jordan, Justin","Tradd Moore, Felipe Sobreiro","=""1607067730""","=""9781607067733""",5,3.86,Image Comics,Paperback,144,2013,2013,,2014/02/10,,,read,,,,1,0
18876734,The Manager (MIND MGMT #1),Matt Kindt,"Kindt, Matt",,"=""1621157164""","=""""",3,4.01,Dark Horse Books,Kindle Edition,200,2013,2013,,2014/02/10,,,read,,,,1,0
15704307,"Saga, Volume 1",Brian K. Vaughan,"Vaughan, Brian K.",Fiona Staples,"=""1607066017""","=""9781607066019""",3,4.15,Image Comics,Paperback,160,2012,2012,,2014/02/10,,,read,,,,1,0
29999,The Maltese Falcon,Dashiell Hammett,"Hammett, Dashiell",,"=""""","=""""",2,3.86,Orion,Paperback,213,2005,1930,,2013/12/24,,,read,,,,1,0
6255949,All You Need Is Kill,Hiroshi Sakurazaka,"Sakurazaka, Hiroshi","Alexander O. Smith, Joseph Reeder","=""1421527618""","=""9781421527611""",4,4.03,Haikasoru,Paperback,201,2009,2004,,2013/12/24,,,read,,,,1,0
16328,"The Murder of Roger Ackroyd (Hercule Poirot, #4)",Agatha Christie,"Christie, Agatha",,"=""1579126278""","=""9781579126278""",5,4.26,Black Dog & Leventhal Pub,Hardcover,288,2006,1926,,2013/11/21,,,read,,,,1,0
1305,Gates of Fire,Steven Pressfield,"Pressfield, Steven",,"=""055338368X""","=""9780553383683""",0,4.40,Bantam,Paperback,526,2005,1998,,2013/09/05,,,read,,,,1,0
1611988,A Prisoner of Birth,Jeffrey Archer,"Archer, Jeffrey",,"=""0312379293""","=""9780312379292""",3,4.21,St. Martin's Press,Hardcover,501,2008,2008,,2013/08/15,,,read,,,,1,0
16115612,And the Mountains Echoed,Khaled Hosseini,"Hosseini, Khaled",,"=""159463176X""","=""9781594631764""",0,4.08,Riverhead Books,Hardcover,404,2013,2012,,2013/08/08,to-read,to-read (#4),to-read,,,,0,0
68428,"Mistborn: The Final Empire (Mistborn, #1)",Brandon Sanderson,"Sanderson, Brandon",,"=""""","=""9780765311788""",0,4.49,Tor Books,Hardcover,541,2006,2006,,2013/08/07,to-read,to-read (#3),to-read,,,,0,0
830,Snow Crash,Neal Stephenson,"Stephenson, Neal",,"=""0553380958""","=""9780553380958""",3,4.01,Bantam Books,Paperback,438,2000,1992,2013/07/29,2013/07/29,,,read,,,,1,0
11472345,Deng Xiaoping and the Transformation of China,Ezra F. Vogel,"Vogel, Ezra F.",,"=""0674055446""","=""9780674055445""",4,4.46,Belknap Press,Hardcover,928,2011,2011,2013/07/06,2013/03/30,,,read,,,,1,0
64582,Chaos: Making a New Science,James Gleick,"Gleick, James",,"=""0140092501""","=""9780140092509""",4,4.03,Penguin Group,Paperback,352,1988,1987,,2013/03/30,,,read,,,,1,0
48855,The Diary of a Young Girl,Anne Frank,"Frank, Anne","Eleanor Roosevelt, Susan Massotty, Γιάννης Θωμόπουλος, Barbara Mooyaart-Doubleday, Otto H. Frank, Mirjam Pressler","=""""","=""""",3,4.20,Bantam,Mass Market Paperback,283,1993,1947,,2013/03/30,,,read,,,,1,0
30289,The Republic,Plato,"Plato, Plato",Desmond Lee,"=""0140449140""","=""9780140449143""",4,3.97,Penguin Classics,Paperback,416,2003,-400,,2013/03/30,,,read,,,,1,0
9791,A Walk in the Woods: Rediscovering America on the Appalachian Trail,Bill Bryson,"Bryson, Bill",,"=""0307279464""","=""9780307279460""",0,4.07,Vintage,Mass Market Paperback,397,2006,1998,,2013/03/30,to-read,to-read (#1),to-read,,,,0,0
7670,"The Andromeda Strain (Andromeda, #1)",Michael Crichton,"Crichton, Michael",,"=""0060541814""","=""9780060541811""",3,3.91,Avon,Mass Market Paperback,327,2003,1969,,2013/03/30,,,read,,,,1,0
18490,Frankenstein,Mary Wollstonecraft Shelley,"Shelley, Mary Wollstonecraft",,"=""""","=""""",5,3.91,Penguin,Paperback,288,2003,1818,,2013/03/30,,,read,,,,1,0
2767052,"The Hunger Games (The Hunger Games, #1)",Suzanne Collins,"Collins, Suzanne",,"=""0439023483""","=""9780439023481""",4,4.35,Scholastic Press,Hardcover,374,2008,2008,,2013/03/30,,,read,,,,1,0
375802,"Ender’s Game (Ender's Saga, #1)",Orson Scott Card,"Card, Orson Scott",,"=""0812550706""","=""9780812550702""",5,4.31,Tor,Mass Market Paperback,324,2004,1985,,2013/03/30,,,read,,,,1,0
75406,The Breaks of the Game,David Halberstam,"Halberstam, David",,"=""0345296257""","=""9780345296252""",5,4.22,Ballantine Books,Mass Market Paperback,362,1983,1981,,2013/03/30,,,read,,,,1,0
7526,The Blind Side,Michael   Lewis,"Lewis, Michael",,"=""039306123X""","=""9780393061239""",4,4.17,W. W. Norton & Company,Hardcover,304,2006,2006,,2013/03/30,,,read,,,,1,0
6148028,"Catching Fire (The Hunger Games, #2)",Suzanne Collins,"Collins, Suzanne",,"=""0439023491""","=""9780439023498""",3,4.36,Scholastic Press,Hardcover,391,2009,2009,,2013/03/30,,,read,,,,1,0
5470,1984,George Orwell,"Orwell, George",,"=""""","=""""",4,4.20,New American Library,Mass Market Paperback,328,1950,1948,,2013/03/30,,,read,,,,1,0
4477,Complications: A Surgeon's Notes on an Imperfect Science,Atul Gawande,"Gawande, Atul",,"=""0312421702""","=""9780312421700""",5,4.28,Metropolitan Books,Paperback,270,2003,2002,,2013/03/30,,,read,,,,1,0
5129,Brave New World,Aldous Huxley,"Huxley, Aldous",,"=""0060929871""","=""9780060929879""",3,3.98,HarperPerennial / Perennial Classics,Paperback,288,1998,1932,,2013/03/30,,,read,,,,1,0
98685,Genius: The Life and Science of Richard Feynman,James Gleick,"Gleick, James",,"=""0679747044""","=""9780679747048""",5,4.12,Vintage,Paperback,531,1993,,,2013/03/30,,,read,,,,1,0
3228917,Outliers: The Story of Success,Malcolm Gladwell,"Gladwell, Malcolm",,"=""0316017922""","=""9780316017923""",2,4.19,"Little, Brown and Company",Hardcover,309,2008,2008,,2013/03/30,,,read,,,,1,0
40102,Blink: The Power of Thinking Without Thinking,Malcolm Gladwell,"Gladwell, Malcolm","Barry Fox, Irina Henegar","=""0316010669""","=""9780316010665""",1,3.96,Back Bay Books,Paperback,296,2007,2005,,2013/03/30,,,read,,,,1,0
1202,Freakonomics: A Rogue Economist Explores the Hidden Side of Everything,Steven D. Levitt,"Levitt, Steven D.",Stephen J. Dubner,"=""0061234001""","=""9780061234002""",4,4.01,William Morrow,Hardcover,268,2006,2005,,2013/03/30,,,read,,,,1,0
7170627,The Emperor of All Maladies: A Biography of Cancer,Siddhartha Mukherjee,"Mukherjee, Siddhartha",,"=""""","=""""",5,4.34,Scribner,Hardcover,472,2010,2010,,2013/03/30,,,read,,,,1,0
771,"The Elegant Universe: Superstrings, Hidden Dimensions, and the Quest for the Ultimate Theory",Brian Greene,"Greene, Brian",,"=""0375708111""","=""9780375708114""",4,4.10,Vintage Books USA,Paperback,425,2000,1999,,2013/03/30,,,read,,,,1,0
5544,"Surely You're Joking, Mr. Feynman!: Adventures of a Curious Character",Richard P. Feynman,"Feynman, Richard P.","Albert R. Hibbs, Ralph Leighton, Edward Hutchings","=""0393316041""","=""9780393316049""",5,4.26,W. W. Norton & Company,Paperback,397,1997,1985,,2013/03/30,,,read,,,,1,0
6346975,Moonwalking with Einstein: The Art and Science of Remembering Everything,Joshua Foer,"Foer, Joshua",,"=""159420229X""","=""9781594202292""",3,3.88,"Penguin Press HC, The",Hardcover,307,2011,2011,,2013/03/30,,,read,,,,1,0
6289283,"Born to Run: A Hidden Tribe, Superathletes, and the Greatest Race the World Has Never Seen",Christopher McDougall,"McDougall, Christopher",,"=""""","=""""",5,4.30,Knopf,Hardcover,287,2009,2009,,2013/03/30,,,read,,,,1,0
9496240,"The Hangman's Daughter (The Hangman's Daughter, #1)",Oliver Pötzsch,"Pötzsch, Oliver","Lee Chadeayne, Sabine Marić","=""""","=""""",3,3.75,AmazonCrossing,ebook,448,2010,2008,,2013/03/30,,,read,,,,1,0
9814682,"A Song of Ice and Fire (A Song of Ice and Fire, #1-4)",George R.R. Martin,"Martin, George R.R.",,"=""0345529057""","=""9780345529053""",4,4.63,Bantam,Mass Market Paperback,4081,2011,2011,,2013/03/30,,,read,,,,1,0
13496,"A Game of Thrones (A Song of Ice and Fire, #1)",George R.R. Martin,"Martin, George R.R.",,"=""0553588486""","=""9780553588484""",4,4.45,Bantam,Mass Market Paperback,835,2005,1996,,2013/03/30,,,read,,,,1,0
101438,Skunk Works: A Personal Memoir of My Years at Lockheed,Ben R. Rich,"Rich, Ben R.",Leo Janos,"=""""","=""""",5,4.46,"Back Bay Books/Little, Brown & Co. (NY)",Paperback,382,1996,1994,,2013/03/30,,,read,,,,1,0
152,Anna Karenina,Leo Tolstoy,"Tolstoy, Leo","David Magarshack, Priscilla Meyer","=""""","=""""",4,4.10,Signet,Mass Market Paperback,960,2002,1878,,2012/09/14,,,read,,,,1,0
1301,Moneyball,Michael   Lewis,"Lewis, Michael",,"=""0393324818""","=""9780393324815""",5,4.27,W. W. Norton & Company,Paperback,317,2004,2003,,2012/09/14,,,read,,,,1,0
10996342,The Art of Fielding,Chad Harbach,"Harbach, Chad",,"=""0316126691""","=""9780316126694""",5,3.99,"Little, Brown and Company",Hardcover,512,2011,2011,,2012/09/14,,,read,,,,1,0
10357575,"1Q84 (1Q84, #1-3)",Haruki Murakami,"Murakami, Haruki","Jay Rubin, Philip Gabriel","=""0307593312""","=""9780307593313""",2,3.95,Knopf,Hardcover,944,2011,2009,,2012/09/14,,,read,,,,1,0
11447065,"The Quest: Energy, Security, and the Remaking of the Modern World",Daniel Yergin,"Yergin, Daniel",,"=""1594202834""","=""9781594202834""",4,4.14,Penguin Press,Hardcover,805,2011,2011,2012/09/10,2012/09/14,,,read,,,,1,0
